t_s,e_ee_pos_mm,e_ee_ori_deg,tau_q_max_Nm,tau_q_max_ang_Nm
0.000000,0.000002,0.000000,0.049633,0.000166
0.010000,0.000102,0.000005,0.046436,0.000397
0.020000,0.000372,0.000018,0.042839,0.000679
0.030000,0.000771,0.000038,0.038900,0.000983
0.040000,0.001266,0.000063,0.038870,0.001302
0.050000,0.001831,0.000093,0.041966,0.001633
0.060000,0.002449,0.000125,0.045080,0.001975
0.070000,0.003110,0.000160,0.048206,0.002325
0.080000,0.003811,0.000194,0.051337,0.002682
0.090000,0.004557,0.000228,0.054469,0.003043
0.100000,0.005358,0.000261,0.057597,0.003409
0.110000,0.006232,0.000291,0.060718,0.003777
0.120000,0.007200,0.000319,0.063828,0.004148
0.130000,0.008284,0.000343,0.066927,0.004521
0.140000,0.009507,0.000363,0.070012,0.004895
0.150000,0.010893,0.000380,0.073081,0.005269
0.160000,0.012459,0.000392,0.079058,0.005644
0.170000,0.014222,0.000399,0.085590,0.006018
0.180000,0.016195,0.000403,0.092118,0.006393
0.190000,0.018387,0.000402,0.098637,0.006767
0.200000,0.020807,0.000398,0.105142,0.007141
0.210000,0.023457,0.000390,0.111628,0.007514
0.220000,0.026341,0.000381,0.118092,0.007886
0.230000,0.029460,0.000370,0.124531,0.008258
0.240000,0.032813,0.000360,0.130940,0.008628
0.250000,0.036399,0.000353,0.137319,0.008998
0.260000,0.040214,0.000350,0.143664,0.009367
0.270000,0.044257,0.000353,0.149972,0.009734
0.280000,0.048523,0.000364,0.156242,0.010100
0.290000,0.053008,0.000385,0.162473,0.010464
0.300000,0.057706,0.000415,0.168661,0.010826
0.310000,0.062612,0.000454,0.174806,0.011187
0.320000,0.067720,0.000501,0.180906,0.011546
0.330000,0.073025,0.000555,0.186960,0.011903
0.340000,0.078520,0.000615,0.192966,0.012257
0.350000,0.084198,0.000680,0.198924,0.012609
0.360000,0.090052,0.000751,0.204832,0.012959
0.370000,0.096076,0.000826,0.210690,0.013306
0.380000,0.102262,0.000906,0.216497,0.013650
0.390000,0.108603,0.000990,0.222251,0.013991
0.400000,0.115093,0.001079,0.227953,0.014329
0.410000,0.121723,0.001174,0.233602,0.014664
0.420000,0.128486,0.001275,0.239198,0.014996
0.430000,0.135376,0.001382,0.244740,0.015324
0.440000,0.142384,0.001498,0.250228,0.015649
0.450000,0.149504,0.001622,0.255661,0.015970
0.460000,0.156728,0.001757,0.261041,0.016288
0.470000,0.164049,0.001902,0.266366,0.016603
0.480000,0.171460,0.002061,0.271637,0.016914
0.490000,0.178955,0.002234,0.276854,0.017221
0.500000,0.186525,0.002422,0.282017,0.017524
0.510000,0.194165,0.002628,0.287127,0.017823
0.520000,0.201868,0.002851,0.292182,0.018119
0.530000,0.209627,0.003094,0.297184,0.018411
0.540000,0.217436,0.003358,0.302133,0.018699
0.550000,0.225288,0.003645,0.307030,0.018984
0.560000,0.233178,0.003954,0.311874,0.019264
0.570000,0.241100,0.004288,0.316665,0.019541
0.580000,0.249047,0.004647,0.321405,0.019814
0.590000,0.257014,0.005032,0.326094,0.020083
0.600000,0.264995,0.005444,0.330731,0.020348
0.610000,0.272986,0.005885,0.335318,0.020609
0.620000,0.280980,0.006354,0.339855,0.020867
0.630000,0.288973,0.006853,0.344341,0.021120
0.640000,0.296960,0.007382,0.348779,0.021370
0.650000,0.304935,0.007942,0.353167,0.021616
0.660000,0.312895,0.008534,0.357507,0.021859
0.670000,0.320835,0.009158,0.361799,0.022098
0.680000,0.328751,0.009815,0.366043,0.022333
0.690000,0.336637,0.010506,0.370240,0.022564
0.700000,0.344491,0.011230,0.374390,0.022792
0.710000,0.352309,0.011989,0.378493,0.023016
0.720000,0.360085,0.012782,0.382550,0.023236
0.730000,0.367818,0.013611,0.386562,0.023453
0.740000,0.375502,0.014476,0.390528,0.023667
0.750000,0.383136,0.015376,0.394450,0.023877
0.760000,0.390715,0.016313,0.398326,0.024083
0.770000,0.398237,0.017287,0.402159,0.024286
0.780000,0.405697,0.018298,0.405948,0.024486
0.790000,0.413094,0.019347,0.409693,0.024682
0.800000,0.420425,0.020433,0.413394,0.024876
0.810000,0.427686,0.021557,0.417053,0.025065
0.820000,0.434875,0.022719,0.420669,0.025252
0.830000,0.441989,0.023919,0.424242,0.025435
0.840000,0.449027,0.025158,0.427773,0.025615
0.850000,0.455985,0.026436,0.431262,0.025792
0.860000,0.462862,0.027753,0.434709,0.025966
0.870000,0.469655,0.029108,0.438114,0.026136
0.880000,0.476362,0.030503,0.441477,0.026304
0.890000,0.482981,0.031937,0.444799,0.026468
0.900000,0.489510,0.033410,0.448079,0.026630
0.910000,0.495948,0.034922,0.451318,0.026788
0.920000,0.502292,0.036474,0.454516,0.026943
0.930000,0.508542,0.038065,0.457672,0.027095
0.940000,0.514694,0.039695,0.460787,0.027244
0.950000,0.520749,0.041365,0.463861,0.027391
0.960000,0.526705,0.043075,0.466894,0.027534
0.970000,0.532560,0.044823,0.469885,0.027674
0.980000,0.538313,0.046611,0.472836,0.027811
0.990000,0.543964,0.048438,0.475745,0.027946
1.000000,0.549510,0.050304,0.478612,0.028077
1.010000,0.554952,0.052209,0.481439,0.028205
1.020000,0.560289,0.054153,0.484223,0.028331
1.030000,0.565519,0.056136,0.486967,0.028453
1.040000,0.570643,0.058158,0.489669,0.028573
1.050000,0.575660,0.060218,0.492329,0.028690
1.060000,0.580570,0.062316,0.494947,0.028803
1.070000,0.585372,0.064453,0.497524,0.028914
1.080000,0.590066,0.066627,0.500059,0.029022
1.090000,0.594653,0.068840,0.502552,0.029127
1.100000,0.599133,0.071089,0.505002,0.029229
1.110000,0.603505,0.073377,0.507411,0.029329
1.120000,0.607772,0.075701,0.509778,0.029425
1.130000,0.611932,0.078062,0.512102,0.029518
1.140000,0.615988,0.080460,0.514383,0.029609
1.150000,0.619940,0.082895,0.516623,0.029697
1.160000,0.623788,0.085365,0.518820,0.029782
1.170000,0.627535,0.087871,0.520974,0.029864
1.180000,0.631182,0.090413,0.523085,0.029943
1.190000,0.634730,0.092990,0.525154,0.030020
1.200000,0.638181,0.095602,0.527180,0.030093
1.210000,0.641537,0.098249,0.529163,0.030164
1.220000,0.644800,0.100929,0.531104,0.030232
1.230000,0.647973,0.103644,0.533001,0.030297
1.240000,0.651058,0.106393,0.534856,0.030360
1.250000,0.654057,0.109174,0.536667,0.030420
1.260000,0.656974,0.111989,0.538436,0.030477
1.270000,0.659811,0.114836,0.540161,0.030531
1.280000,0.662572,0.117716,0.541843,0.030583
1.290000,0.665259,0.120627,0.543482,0.030632
1.300000,0.667878,0.123570,0.545078,0.030678
1.310000,0.670431,0.126543,0.546631,0.030722
1.320000,0.672922,0.129548,0.548141,0.030763
1.330000,0.675357,0.132582,0.549608,0.030801
1.340000,0.677738,0.135647,0.551031,0.030837
1.350000,0.680070,0.138740,0.552412,0.030870
1.360000,0.682359,0.141863,0.553749,0.030901
1.370000,0.684610,0.145014,0.555043,0.030929
1.380000,0.686826,0.148194,0.556294,0.030954
1.390000,0.689015,0.151401,0.557501,0.030977
1.400000,0.691180,0.154636,0.558666,0.030998
1.410000,0.693328,0.157897,0.559788,0.031016
1.420000,0.695465,0.161184,0.560866,0.031032
1.430000,0.697596,0.164498,0.561901,0.031045
1.440000,0.699728,0.167837,0.562893,0.031056
1.450000,0.701867,0.171201,0.563843,0.031064
1.460000,0.704020,0.174589,0.564749,0.031070
1.470000,0.706192,0.178001,0.565612,0.031074
1.480000,0.708391,0.181438,0.566432,0.031075
1.490000,0.710623,0.184897,0.567209,0.031074
1.500000,0.712896,0.188378,0.567942,0.031071
1.510000,0.715215,0.191882,0.568633,0.031065
1.520000,0.717589,0.195408,0.569281,0.031057
1.530000,0.720025,0.198954,0.569886,0.031047
1.540000,0.722529,0.202522,0.570448,0.031035
1.550000,0.725109,0.206109,0.570967,0.031021
1.560000,0.727772,0.209717,0.571443,0.031004
1.570000,0.730525,0.213343,0.571876,0.030985
1.580000,0.733375,0.216988,0.572266,0.030964
1.590000,0.736330,0.220651,0.572614,0.030941
1.600000,0.739397,0.224332,0.572918,0.030915
1.610000,0.742582,0.228030,0.573180,0.030888
1.620000,0.745894,0.231745,0.573399,0.030858
1.630000,0.749338,0.235476,0.573575,0.030827
1.640000,0.752921,0.239222,0.573708,0.030793
1.650000,0.756650,0.242984,0.573799,0.030757
1.660000,0.760532,0.246760,0.573846,0.030720
1.670000,0.764573,0.250550,0.573851,0.030680
1.680000,0.768778,0.254354,0.573814,0.030638
1.690000,0.773154,0.258171,0.573734,0.030594
1.700000,0.777707,0.262001,0.573611,0.030549
1.710000,0.782442,0.265842,0.573446,0.030501
1.720000,0.787363,0.269695,0.573238,0.030452
1.730000,0.792476,0.273559,0.572988,0.030400
1.740000,0.797786,0.277433,0.572696,0.030347
1.750000,0.803297,0.281318,0.572361,0.030292
1.760000,0.809012,0.285212,0.571984,0.030235
1.770000,0.814936,0.289114,0.571565,0.030176
1.780000,0.821072,0.293025,0.571104,0.030115
1.790000,0.827422,0.296944,0.570601,0.030052
1.800000,0.833990,0.300870,0.570055,0.029988
1.810000,0.840779,0.304803,0.569468,0.029922
1.820000,0.847789,0.308743,0.568840,0.029854
1.830000,0.855023,0.312688,0.568169,0.029784
1.840000,0.862482,0.316638,0.567457,0.029713
1.850000,0.870167,0.320593,0.566703,0.029640
1.860000,0.878079,0.324552,0.565908,0.029565
1.870000,0.886218,0.328515,0.565072,0.029489
1.880000,0.894585,0.332481,0.564194,0.029411
1.890000,0.903178,0.336450,0.563275,0.029331
1.900000,0.911998,0.340421,0.562316,0.029250
1.910000,0.921043,0.344393,0.561315,0.029167
1.920000,0.930313,0.348367,0.560274,0.029083
1.930000,0.939805,0.352341,0.559192,0.028997
1.940000,0.949519,0.356315,0.558070,0.028909
1.950000,0.959452,0.360289,0.556907,0.028820
1.960000,0.969601,0.364261,0.555704,0.028729
1.970000,0.979965,0.368232,0.554461,0.028637
1.980000,0.990541,0.372202,0.553178,0.028543
1.990000,1.001325,0.376168,0.551856,0.028448
2.000000,1.012316,0.380132,0.550493,0.028352
2.010000,1.023508,0.384092,0.549092,0.028254
2.020000,1.034900,0.388048,0.547651,0.028154
2.030000,1.046486,0.392000,0.546171,0.028053
2.040000,1.058264,0.395946,0.544651,0.027951
2.050000,1.070230,0.399887,0.543094,0.027847
2.060000,1.082379,0.403822,0.541497,0.027742
2.070000,1.094707,0.407751,0.539862,0.027635
2.080000,1.107209,0.411672,0.538189,0.027528
2.090000,1.119882,0.415586,0.536478,0.027418
2.100000,1.132721,0.419492,0.534728,0.027308
2.110000,1.145721,0.423390,0.532942,0.027196
2.120000,1.158878,0.427279,0.531117,0.027083
2.130000,1.172186,0.431158,0.529256,0.026969
2.140000,1.185640,0.435027,0.527357,0.026853
2.150000,1.199237,0.438886,0.525421,0.026736
2.160000,1.212971,0.442734,0.523449,0.026618
2.170000,1.226837,0.446570,0.521441,0.026498
2.180000,1.240829,0.450395,0.519396,0.026378
2.190000,1.254944,0.454208,0.517315,0.026256
2.200000,1.269175,0.458008,0.515199,0.026133
2.210000,1.283519,0.461795,0.513047,0.026008
2.220000,1.297969,0.465568,0.510859,0.025883
2.230000,1.312520,0.469327,0.508637,0.025756
2.240000,1.327168,0.473071,0.506380,0.025628
2.250000,1.341907,0.476800,0.504089,0.025499
2.260000,1.356732,0.480514,0.501763,0.025369
2.270000,1.371639,0.484213,0.499403,0.025237
2.280000,1.386621,0.487894,0.497010,0.025105
2.290000,1.401674,0.491560,0.494584,0.024971
2.300000,1.416793,0.495207,0.492124,0.024836
2.310000,1.431972,0.498838,0.489631,0.024700
2.320000,1.447207,0.502450,0.487106,0.024563
2.330000,1.462493,0.506044,0.484549,0.024425
2.340000,1.477825,0.509619,0.481959,0.024286
2.350000,1.493197,0.513175,0.479338,0.024146
2.360000,1.508604,0.516712,0.476686,0.024004
2.370000,1.524043,0.520228,0.474003,0.023862
2.380000,1.539507,0.523724,0.471289,0.023718
2.390000,1.554992,0.527199,0.468544,0.023573
2.400000,1.570494,0.530653,0.465770,0.023428
2.410000,1.586007,0.534085,0.462965,0.023281
2.420000,1.601526,0.537496,0.460131,0.023133
2.430000,1.617047,0.540884,0.457269,0.022984
2.440000,1.632565,0.544249,0.454377,0.022834
2.450000,1.648076,0.547592,0.451457,0.022683
2.460000,1.663574,0.550911,0.448509,0.022531
2.470000,1.679056,0.554206,0.445679,0.022378
2.480000,1.694516,0.557477,0.445726,0.022224
2.490000,1.709950,0.560724,0.445747,0.022069
2.500000,1.725354,0.563947,0.445739,0.021912
2.510000,1.740723,0.567144,0.445704,0.021755
2.520000,1.756053,0.570315,0.445641,0.021597
2.530000,1.771339,0.573462,0.445550,0.021438
2.540000,1.786577,0.576582,0.445431,0.021277
2.550000,1.801763,0.579676,0.445283,0.021116
2.560000,1.816893,0.582743,0.445108,0.020954
2.570000,1.831961,0.585783,0.444904,0.020790
2.580000,1.846965,0.588797,0.444672,0.020626
2.590000,1.861900,0.591783,0.444412,0.020461
2.600000,1.876761,0.594741,0.444123,0.020295
2.610000,1.891545,0.597671,0.443806,0.020127
2.620000,1.906248,0.600573,0.443460,0.019959
2.630000,1.920866,0.603447,0.443085,0.019790
2.640000,1.935394,0.606292,0.442682,0.019619
2.650000,1.949830,0.609108,0.442250,0.019448
2.660000,1.964168,0.611896,0.441789,0.019276
2.670000,1.978406,0.614653,0.441300,0.019102
2.680000,1.992539,0.617382,0.440781,0.018928
2.690000,2.006564,0.620080,0.440234,0.018753
2.700000,2.020476,0.622749,0.439658,0.018576
2.710000,2.034274,0.625388,0.439053,0.018399
2.720000,2.047951,0.627996,0.438419,0.018221
2.730000,2.061506,0.630574,0.437756,0.018041
2.740000,2.074935,0.633122,0.437064,0.017861
2.750000,2.088233,0.635639,0.436343,0.017680
2.760000,2.101398,0.638124,0.435593,0.017497
2.770000,2.114426,0.640579,0.434814,0.017314
2.780000,2.127315,0.643003,0.434006,0.017130
2.790000,2.140059,0.645396,0.433169,0.016945
2.800000,2.152657,0.647757,0.432303,0.016758
2.810000,2.165104,0.650087,0.431408,0.016571
2.820000,2.177398,0.652386,0.430484,0.016383
2.830000,2.189536,0.654653,0.429531,0.016193
2.840000,2.201514,0.656888,0.428549,0.016003
2.850000,2.213329,0.659092,0.427538,0.015812
2.860000,2.224979,0.661264,0.426498,0.015620
2.870000,2.236459,0.663404,0.425430,0.015426
2.880000,2.247768,0.665513,0.424332,0.015232
2.890000,2.258902,0.667589,0.423205,0.015037
2.900000,2.269858,0.669634,0.422050,0.014841
2.910000,2.280633,0.671647,0.420866,0.014643
2.920000,2.291226,0.673629,0.419653,0.014445
2.930000,2.301632,0.675579,0.418412,0.014246
2.940000,2.311849,0.677497,0.417142,0.014046
2.950000,2.321874,0.679383,0.415843,0.013844
2.960000,2.331706,0.681238,0.414516,0.013642
2.970000,2.341340,0.683061,0.413160,0.013439
2.980000,2.350775,0.684853,0.411776,0.013235
2.990000,2.360007,0.686613,0.410363,0.013029
3.000000,2.369036,0.688343,0.408922,0.012823
3.010000,2.377857,0.690041,0.407453,0.012616
3.020000,2.386469,0.691708,0.405956,0.012408
3.030000,2.394869,0.693345,0.404431,0.012198
3.040000,2.403055,0.694950,0.402877,0.011988
3.050000,2.411024,0.696525,0.401296,0.011777
3.060000,2.418775,0.698070,0.399687,0.011565
3.070000,2.426305,0.699584,0.398050,0.011352
3.080000,2.433612,0.701069,0.396386,0.011137
3.090000,2.440693,0.702523,0.394693,0.010922
3.100000,2.447547,0.703948,0.392974,0.010706
3.110000,2.454172,0.705344,0.391227,0.010489
3.120000,2.460565,0.706710,0.389452,0.010271
3.130000,2.466725,0.708048,0.387651,0.010052
3.140000,2.472650,0.709357,0.385822,0.009832
3.150000,2.478337,0.710637,0.383966,0.009610
3.160000,2.483786,0.711890,0.382084,0.009388
3.170000,2.488993,0.713114,0.380174,0.009165
3.180000,2.493958,0.714311,0.378238,0.008941
3.190000,2.498678,0.715481,0.376276,0.008716
3.200000,2.503153,0.716624,0.374287,0.008490
3.210000,2.507380,0.717740,0.372271,0.008263
3.220000,2.511357,0.718830,0.370230,0.008035
3.230000,2.515084,0.719894,0.368162,0.007807
3.240000,2.518558,0.720932,0.366068,0.007577
3.250000,2.521779,0.721946,0.363949,0.007346
3.260000,2.524744,0.722934,0.361803,0.007114
3.270000,2.527452,0.723898,0.359633,0.006882
3.280000,2.529903,0.724839,0.357436,0.006788
3.290000,2.532094,0.725755,0.355215,0.006808
3.300000,2.534025,0.726648,0.352968,0.006827
3.310000,2.535694,0.727519,0.350696,0.006845
3.320000,2.537100,0.728367,0.348399,0.006864
3.330000,2.538242,0.729193,0.346078,0.006882
3.340000,2.539119,0.729998,0.343732,0.006899
3.350000,2.539730,0.730782,0.341361,0.006917
3.360000,2.540073,0.731545,0.338966,0.006934
3.370000,2.540149,0.732288,0.336547,0.006951
3.380000,2.539955,0.733012,0.334104,0.006967
3.390000,2.539492,0.733716,0.331637,0.006983
3.400000,2.538757,0.734402,0.329146,0.006999
3.410000,2.537752,0.735070,0.326631,0.007014
3.420000,2.536474,0.735720,0.324094,0.007029
3.430000,2.534923,0.736353,0.321532,0.007044
3.440000,2.533099,0.736970,0.318948,0.007059
3.450000,2.531001,0.737570,0.316341,0.007073
3.460000,2.528628,0.738155,0.313711,0.007086
3.470000,2.525980,0.738725,0.311058,0.007100
3.480000,2.523056,0.739281,0.308383,0.007113
3.490000,2.519857,0.739823,0.305685,0.007125
3.500000,2.516381,0.740351,0.302965,0.007137
3.510000,2.512628,0.740867,0.300223,0.007149
3.520000,2.508599,0.741370,0.297460,0.007161
3.530000,2.504292,0.741861,0.294674,0.007172
3.540000,2.499709,0.742342,0.291867,0.007183
3.550000,2.494848,0.742812,0.289039,0.007193
3.560000,2.489709,0.743272,0.286190,0.007203
3.570000,2.484293,0.743722,0.283319,0.007213
3.580000,2.478600,0.744164,0.280428,0.007222
3.590000,2.472630,0.744597,0.277516,0.007231
3.600000,2.466382,0.745023,0.274583,0.007240
3.610000,2.459857,0.745442,0.271631,0.007248
3.620000,2.453056,0.745854,0.268658,0.007256
3.630000,2.445978,0.746259,0.265665,0.007263
3.640000,2.438624,0.746660,0.263313,0.007270
3.650000,2.430994,0.747055,0.263980,0.007277
3.660000,2.423090,0.747447,0.264620,0.007283
3.670000,2.414910,0.747834,0.265232,0.007289
3.680000,2.406456,0.748218,0.265817,0.007295
3.690000,2.397729,0.748600,0.266375,0.007300
3.700000,2.388728,0.748979,0.266905,0.007305
3.710000,2.379456,0.749357,0.267408,0.007310
3.720000,2.369912,0.749734,0.267883,0.007314
3.730000,2.360098,0.750110,0.268330,0.007317
3.740000,2.350014,0.750487,0.268749,0.007321
3.750000,2.339661,0.750864,0.269141,0.007324
3.760000,2.329040,0.751242,0.269505,0.007326
3.770000,2.318153,0.751622,0.269841,0.007329
3.780000,2.307000,0.752004,0.270150,0.007331
3.790000,2.295584,0.752388,0.270430,0.007332
3.800000,2.283903,0.752775,0.270683,0.007333
3.810000,2.271962,0.753167,0.270908,0.007334
3.820000,2.259759,0.753562,0.271105,0.007335
3.830000,2.247298,0.753961,0.271275,0.007494
3.840000,2.234580,0.754366,0.271416,0.007770
3.850000,2.221605,0.754776,0.271530,0.008047
3.860000,2.208376,0.755192,0.271616,0.008325
3.870000,2.194895,0.755615,0.271675,0.008603
3.880000,2.181163,0.756044,0.271705,0.008881
3.890000,2.167182,0.756480,0.271709,0.009160
3.900000,2.152954,0.756923,0.271684,0.009440
3.910000,2.138481,0.757375,0.271633,0.009719
3.920000,2.123766,0.757835,0.271554,0.010000
3.930000,2.108809,0.758303,0.271447,0.010280
3.940000,2.093614,0.758781,0.271313,0.010562
3.950000,2.078183,0.759267,0.271152,0.010843
3.960000,2.062518,0.759764,0.270964,0.011125
3.970000,2.046621,0.760270,0.270749,0.011407
3.980000,2.030496,0.760787,0.270506,0.011690
3.990000,2.014145,0.761314,0.270237,0.011973
4.000000,1.997571,0.761852,0.269941,0.012256
4.010000,1.980776,0.762401,0.269619,0.012539
4.020000,1.963764,0.762961,0.269270,0.012823
4.030000,1.946537,0.763533,0.268894,0.013107
4.040000,1.929099,0.764116,0.268492,0.013391
4.050000,1.911453,0.764712,0.268063,0.013676
4.060000,1.893603,0.765319,0.267609,0.013961
4.070000,1.875552,0.765939,0.267128,0.014246
4.080000,1.857304,0.766572,0.266622,0.014531
4.090000,1.838862,0.767217,0.266090,0.014816
4.100000,1.820231,0.767874,0.265532,0.015102
4.110000,1.801414,0.768545,0.264949,0.015388
4.120000,1.782417,0.769228,0.264340,0.015674
4.130000,1.763242,0.769925,0.263761,0.015960
4.140000,1.743896,0.770634,0.266384,0.016246
4.150000,1.724382,0.771357,0.268985,0.016532
4.160000,1.704706,0.772093,0.271564,0.016819
4.170000,1.684872,0.772842,0.274120,0.017105
4.180000,1.664887,0.773604,0.276655,0.017391
4.190000,1.644755,0.774379,0.279167,0.017678
4.200000,1.624483,0.775168,0.281657,0.017964
4.210000,1.604076,0.775969,0.284125,0.018251
4.220000,1.583542,0.776784,0.286571,0.018537
4.230000,1.562886,0.777612,0.288994,0.018824
4.240000,1.542116,0.778453,0.291395,0.019110
4.250000,1.521238,0.779306,0.293775,0.019397
4.260000,1.500261,0.780173,0.296131,0.019683
4.270000,1.479193,0.781052,0.298466,0.019969
4.280000,1.458041,0.781943,0.300778,0.020255
4.290000,1.436814,0.782847,0.303068,0.020541
4.300000,1.415522,0.783763,0.305336,0.020827
4.310000,1.394175,0.784691,0.307582,0.021113
4.320000,1.372783,0.785631,0.309806,0.021398
4.330000,1.351356,0.786583,0.312007,0.021684
4.340000,1.329906,0.787546,0.314186,0.021969
4.350000,1.308445,0.788520,0.316344,0.022254
4.360000,1.286985,0.789506,0.318478,0.022538
4.370000,1.265540,0.790502,0.320591,0.022822
4.380000,1.244125,0.791508,0.322682,0.023107
4.390000,1.222755,0.792525,0.324750,0.023390
4.400000,1.201445,0.793552,0.326797,0.023674
4.410000,1.180212,0.794588,0.328821,0.023957
4.420000,1.159075,0.795634,0.330823,0.024240
4.430000,1.138053,0.796689,0.332804,0.024522
4.440000,1.117166,0.797753,0.334762,0.024804
4.450000,1.096436,0.798825,0.336698,0.025086
4.460000,1.075887,0.799906,0.338612,0.025367
4.470000,1.055543,0.800994,0.340504,0.025648
4.480000,1.035430,0.802089,0.342374,0.025928
4.490000,1.015576,0.803192,0.344222,0.026208
4.500000,0.996011,0.804302,0.346048,0.026487
4.510000,0.976767,0.805418,0.347852,0.026766
4.520000,0.957877,0.806539,0.349635,0.027044
4.530000,0.939377,0.807667,0.351395,0.027322
4.540000,0.921304,0.808800,0.353133,0.027599
4.550000,0.903698,0.809937,0.354850,0.027875
4.560000,0.886602,0.811079,0.356545,0.028151
4.570000,0.870059,0.812225,0.358217,0.028426
4.580000,0.854115,0.813375,0.359868,0.028701
4.590000,0.838818,0.814528,0.361497,0.028975
4.600000,0.824219,0.815684,0.363105,0.029248
4.610000,0.810367,0.816842,0.364690,0.029521
4.620000,0.797315,0.818002,0.366254,0.029793
4.630000,0.785116,0.819164,0.367796,0.030064
4.640000,0.773823,0.820327,0.369316,0.030334
4.650000,0.763489,0.821490,0.370814,0.030604
4.660000,0.754166,0.822654,0.372291,0.030872
4.670000,0.745902,0.823817,0.373746,0.031140
4.680000,0.738746,0.824980,0.375179,0.031407
4.690000,0.732739,0.826142,0.376590,0.031674
4.700000,0.727922,0.827303,0.377980,0.031939
4.710000,0.724328,0.828461,0.379348,0.032203
4.720000,0.721985,0.829617,0.380694,0.032467
4.730000,0.720914,0.830770,0.382018,0.032729
4.740000,0.721129,0.831920,0.383321,0.032991
4.750000,0.722637,0.833066,0.385393,0.033251
4.760000,0.725437,0.834208,0.388374,0.033511
4.770000,0.729521,0.835345,0.391342,0.033770
4.780000,0.734874,0.836478,0.394298,0.034027
4.790000,0.741473,0.837604,0.397241,0.034283
4.800000,0.749292,0.838725,0.400172,0.034539
4.810000,0.758295,0.839839,0.403090,0.034793
4.820000,0.768446,0.840947,0.405995,0.035046
4.830000,0.779702,0.842047,0.408887,0.035298
4.840000,0.792019,0.843139,0.411767,0.035549
4.850000,0.805350,0.844224,0.414632,0.035798
4.860000,0.819647,0.845299,0.417485,0.036047
4.870000,0.834861,0.846366,0.420324,0.036294
4.880000,0.850944,0.847423,0.423150,0.036540
4.890000,0.867846,0.848471,0.425962,0.036784
4.900000,0.885521,0.849508,0.428760,0.037027
4.910000,0.903922,0.850534,0.431545,0.037269
4.920000,0.923004,0.851549,0.434315,0.037510
4.930000,0.942723,0.852552,0.437071,0.037749
4.940000,0.963038,0.853544,0.439813,0.037987
4.950000,0.983909,0.854523,0.442541,0.038224
4.960000,1.005298,0.855489,0.445254,0.038459
4.970000,1.027171,0.856442,0.447953,0.038692
4.980000,1.049491,0.857381,0.450636,0.038924
4.990000,1.072228,0.858307,0.453305,0.039155
5.000000,1.095351,0.859218,0.455959,0.039384
5.010000,1.118832,0.860114,0.458597,0.039612
5.020000,1.142642,0.860994,0.461221,0.039838
5.030000,1.166757,0.861860,0.463828,0.040062
5.040000,1.191153,0.862709,0.466421,0.040285
5.050000,1.215807,0.863542,0.468997,0.040506
5.060000,1.240697,0.864358,0.471557,0.040726
5.070000,1.265804,0.865157,0.474102,0.040944
5.080000,1.291109,0.865939,0.476630,0.041161
5.090000,1.316593,0.866703,0.479142,0.041375
5.100000,1.342239,0.867449,0.481638,0.041588
5.110000,1.368032,0.868176,0.484116,0.041799
5.120000,1.393957,0.868884,0.486578,0.042009
5.130000,1.419998,0.869574,0.489023,0.042217
5.140000,1.446143,0.870243,0.491451,0.042422
5.150000,1.472378,0.870893,0.493861,0.042627
5.160000,1.498692,0.871522,0.496254,0.042829
5.170000,1.525071,0.872131,0.498629,0.043029
5.180000,1.551506,0.872719,0.500986,0.043228
5.190000,1.577985,0.873286,0.503326,0.043424
5.200000,1.604498,0.873832,0.505647,0.043619
5.210000,1.631036,0.874355,0.507949,0.043812
5.220000,1.657589,0.874857,0.510233,0.044003
5.230000,1.684148,0.875336,0.512498,0.044192
5.240000,1.710705,0.875793,0.514744,0.044379
5.250000,1.737252,0.876226,0.516971,0.044564
5.260000,1.763780,0.876636,0.519178,0.044746
5.270000,1.790283,0.877023,0.521365,0.044927
5.280000,1.816752,0.877386,0.523533,0.045106
5.290000,1.843181,0.877725,0.525680,0.045283
5.300000,1.869562,0.878039,0.527807,0.045457
5.310000,1.895890,0.878329,0.529914,0.045630
5.320000,1.922158,0.878594,0.531999,0.045800
5.330000,1.948359,0.878834,0.534064,0.045968
5.340000,1.974488,0.879048,0.536107,0.046134
5.350000,2.000539,0.879237,0.538128,0.046297
5.360000,2.026507,0.879400,0.540127,0.046459
5.370000,2.052386,0.879537,0.542105,0.046618
5.380000,2.078170,0.879647,0.544059,0.046775
5.390000,2.103855,0.879731,0.545991,0.046929
5.400000,2.129435,0.879788,0.547900,0.047081
5.410000,2.154907,0.879818,0.549786,0.047231
5.420000,2.180264,0.879821,0.551648,0.047378
5.430000,2.205503,0.879797,0.553486,0.047524
5.440000,2.230619,0.879744,0.555300,0.047666
5.450000,2.255607,0.879665,0.557089,0.047806
5.460000,2.280464,0.879557,0.558854,0.047944
5.470000,2.305186,0.879420,0.560593,0.048079
5.480000,2.329767,0.879256,0.562307,0.048212
5.490000,2.354206,0.879062,0.563995,0.048342
5.500000,2.378496,0.878841,0.565656,0.048470
5.510000,2.402636,0.878590,0.567291,0.048595
5.520000,2.426621,0.878310,0.568899,0.048717
5.530000,2.450447,0.878000,0.570480,0.048837
5.540000,2.474112,0.877661,0.572033,0.048954
5.550000,2.497612,0.877293,0.573557,0.049068
5.560000,2.520944,0.876895,0.575053,0.049180
5.570000,2.544103,0.876467,0.576521,0.049289
5.580000,2.567089,0.876009,0.577959,0.049395
5.590000,2.589896,0.875520,0.579367,0.049498
5.600000,2.612523,0.875002,0.580745,0.049599
5.610000,2.634966,0.874453,0.582093,0.049697
5.620000,2.657222,0.873873,0.583410,0.049791
5.630000,2.679290,0.873262,0.584695,0.049884
5.640000,2.701166,0.872621,0.585949,0.049973
5.650000,2.722847,0.871949,0.587171,0.050059
5.660000,2.744332,0.871245,0.588360,0.050142
5.670000,2.765617,0.870511,0.589516,0.050222
5.680000,2.786700,0.869745,0.590639,0.050300
5.690000,2.807580,0.868947,0.591728,0.050374
5.700000,2.828253,0.868119,0.592783,0.050445
5.710000,2.848718,0.867258,0.593802,0.050513
5.720000,2.868972,0.866366,0.594786,0.050578
5.730000,2.889014,0.865442,0.595735,0.050640
5.740000,2.908841,0.864486,0.596647,0.050699
5.750000,2.928453,0.863498,0.597522,0.050754
5.760000,2.947846,0.862479,0.598359,0.050807
5.770000,2.967019,0.861427,0.599159,0.050856
5.780000,2.985971,0.860343,0.599921,0.050901
5.790000,3.004700,0.859226,0.600643,0.050944
5.800000,3.023204,0.858078,0.601326,0.050983
5.810000,3.041482,0.856897,0.601969,0.051019
5.820000,3.059532,0.855683,0.602571,0.051051
5.830000,3.077354,0.854437,0.603132,0.051081
5.840000,3.094946,0.853159,0.603652,0.051106
5.850000,3.112306,0.851848,0.604129,0.051128
5.860000,3.129435,0.850505,0.604563,0.051147
5.870000,3.146330,0.849129,0.604954,0.051162
5.880000,3.162990,0.847720,0.605302,0.051174
5.890000,3.179415,0.846278,0.605604,0.051182
5.900000,3.195605,0.844804,0.605862,0.051186
5.910000,3.211557,0.843297,0.606074,0.051187
5.920000,3.227272,0.841758,0.606239,0.051184
5.930000,3.242748,0.840185,0.606358,0.051177
5.940000,3.257986,0.838580,0.606429,0.051167
5.950000,3.272985,0.836943,0.606452,0.051153
5.960000,3.287744,0.835272,0.606427,0.051135
5.970000,3.302263,0.833569,0.606352,0.051113
5.980000,3.316541,0.831833,0.606227,0.051088
5.990000,3.330579,0.830064,0.606052,0.051058
6.000000,3.344377,0.828263,0.605825,0.051025
6.010000,3.357934,0.826428,0.605547,0.050987
6.020000,3.371250,0.824562,0.605217,0.050946
6.030000,3.384325,0.822662,0.604833,0.050901
6.040000,3.397160,0.820731,0.604396,0.050851
6.050000,3.409755,0.818766,0.603905,0.050798
6.060000,3.422109,0.816769,0.603358,0.050741
6.070000,3.434224,0.814740,0.602757,0.050679
6.080000,3.446100,0.812678,0.602099,0.050613
6.090000,3.457736,0.810585,0.601384,0.050543
6.100000,3.469135,0.808458,0.600612,0.050469
6.110000,3.480296,0.806300,0.599782,0.050390
6.120000,3.491220,0.804110,0.598894,0.050308
6.130000,3.501908,0.801887,0.597946,0.050221
6.140000,3.512361,0.799633,0.596938,0.050129
6.150000,3.522579,0.797347,0.595870,0.050033
6.160000,3.532564,0.795029,0.594740,0.049933
6.170000,3.542316,0.792680,0.593549,0.049828
6.180000,3.551838,0.790299,0.592295,0.049719
6.190000,3.561129,0.787887,0.590979,0.049605
6.200000,3.570191,0.785444,0.591176,0.049487
6.210000,3.579026,0.782969,0.592326,0.049364
6.220000,3.587635,0.780463,0.593438,0.049237
6.230000,3.596019,0.777927,0.594510,0.049105
6.240000,3.604180,0.775360,0.595543,0.048968
6.250000,3.612120,0.772762,0.596537,0.048826
6.260000,3.619839,0.770134,0.597490,0.048680
6.270000,3.627340,0.767476,0.598403,0.048529
6.280000,3.634625,0.764787,0.599276,0.048373
6.290000,3.641696,0.762069,0.600108,0.048212
6.300000,3.648553,0.759321,0.600898,0.048046
6.310000,3.655200,0.756544,0.601647,0.047876
6.320000,3.661638,0.753737,0.602355,0.047700
6.330000,3.667870,0.750901,0.603020,0.047520
6.340000,3.673897,0.748037,0.603643,0.047334
6.350000,3.679722,0.745143,0.604223,0.047143
6.360000,3.685346,0.742221,0.604760,0.046948
6.370000,3.690774,0.739271,0.605254,0.046747
6.380000,3.696005,0.736293,0.605704,0.046541
6.390000,3.701044,0.733288,0.606110,0.046329
6.400000,3.705893,0.730254,0.606472,0.046113
6.410000,3.710554,0.727194,0.606789,0.045891
6.420000,3.715029,0.724107,0.607061,0.045664
6.430000,3.719322,0.720993,0.607288,0.045432
6.440000,3.723435,0.717852,0.607469,0.045194
6.450000,3.727371,0.714686,0.607604,0.044951
6.460000,3.731132,0.711494,0.607693,0.044702
6.470000,3.734722,0.708276,0.607736,0.044448
6.480000,3.738143,0.705033,0.607732,0.044188
6.490000,3.741399,0.701765,0.607680,0.043923
6.500000,3.744491,0.698473,0.607581,0.043653
6.510000,3.747424,0.695156,0.607434,0.043376
6.520000,3.750200,0.691816,0.607239,0.043094
6.530000,3.752822,0.688452,0.606995,0.042807
6.540000,3.755294,0.685066,0.606702,0.042513
6.550000,3.757618,0.681656,0.606361,0.042214
6.560000,3.759798,0.678224,0.605969,0.041909
6.570000,3.761837,0.674770,0.605528,0.041599
6.580000,3.763738,0.671294,0.605037,0.041282
6.590000,3.765504,0.667798,0.604496,0.040960
6.600000,3.767140,0.664280,0.603903,0.040631
6.610000,3.768647,0.660742,0.603260,0.040297
6.620000,3.770029,0.657184,0.602565,0.039957
6.630000,3.771291,0.653607,0.601818,0.039611
6.640000,3.772434,0.650011,0.601020,0.039258
6.650000,3.773463,0.646396,0.600169,0.038900
6.660000,3.774381,0.642763,0.599265,0.038536
6.670000,3.775192,0.639112,0.598308,0.038165
6.680000,3.775898,0.635444,0.597298,0.037788
6.690000,3.776503,0.631759,0.596235,0.037405
6.700000,3.777011,0.628058,0.595117,0.037016
6.710000,3.777425,0.624341,0.593946,0.036621
6.720000,3.777749,0.620609,0.592719,0.036219
6.730000,3.777986,0.616863,0.591438,0.035811
6.740000,3.778140,0.613102,0.590102,0.035397
6.750000,3.778214,0.609327,0.588710,0.034976
6.760000,3.778211,0.605540,0.587263,0.034549
6.770000,3.778135,0.601739,0.585759,0.034115
6.780000,3.777990,0.597927,0.584199,0.033675
6.790000,3.777779,0.594103,0.582583,0.033228
6.800000,3.777505,0.590268,0.580909,0.032775
6.810000,3.777173,0.586423,0.579179,0.032316
6.820000,3.776784,0.582568,0.577391,0.031849
6.830000,3.776344,0.578704,0.575545,0.031376
6.840000,3.775854,0.574831,0.573641,0.030897
6.850000,3.775319,0.570951,0.571679,0.030411
6.860000,3.774742,0.567062,0.569658,0.029918
6.870000,3.774127,0.563167,0.567578,0.029418
6.880000,3.773476,0.559266,0.565439,0.028912
6.890000,3.772793,0.555360,0.563241,0.028399
6.900000,3.772082,0.551448,0.560983,0.027879
6.910000,3.771345,0.547532,0.558665,0.027352
6.920000,3.770586,0.543613,0.556287,0.026818
6.930000,3.769808,0.539690,0.553848,0.026278
6.940000,3.769015,0.535766,0.551349,0.025730
6.950000,3.768209,0.531839,0.548788,0.025176
6.960000,3.767394,0.527912,0.546167,0.024614
6.970000,3.766572,0.523984,0.543484,0.024046
6.980000,3.765748,0.520056,0.540739,0.023471
6.990000,3.764923,0.516130,0.537932,0.022888
7.000000,3.764102,0.512205,0.535063,0.022299
7.010000,3.763286,0.508283,0.532132,0.021702
7.020000,3.762480,0.504363,0.529138,0.021098
7.030000,3.761685,0.500448,0.526081,0.020487
7.040000,3.760906,0.496537,0.522962,0.019869
7.050000,3.760144,0.492631,0.519778,0.019244
7.060000,3.759403,0.488731,0.516532,0.018612
7.070000,3.758685,0.484838,0.513221,0.017972
7.080000,3.757994,0.480951,0.509847,0.017325
7.090000,3.757331,0.477073,0.506408,0.016671
7.100000,3.756700,0.473204,0.502905,0.016009
7.110000,3.756104,0.469344,0.499337,0.015340
7.120000,3.755544,0.465495,0.495705,0.014664
7.130000,3.755024,0.461656,0.492007,0.013980
7.140000,3.754547,0.457829,0.488244,0.013289
7.150000,3.754114,0.454015,0.484416,0.012590
7.160000,3.753728,0.450214,0.480523,0.011884
7.170000,3.753392,0.446426,0.476563,0.011171
7.180000,3.753109,0.442654,0.472538,0.010450
7.190000,3.752880,0.438896,0.468446,0.009721
7.200000,3.752708,0.435155,0.464288,0.008985
7.210000,3.752596,0.431431,0.460064,0.008241
7.220000,3.752546,0.427724,0.455772,0.007490
7.230000,3.752559,0.424036,0.451414,0.006731
7.240000,3.752640,0.420367,0.446989,0.005965
7.250000,3.752788,0.416718,0.442497,0.005191
7.260000,3.753008,0.413089,0.437937,0.004409
7.270000,3.753301,0.409482,0.433310,0.003619
7.280000,3.753669,0.405897,0.428615,0.002821
