case,t,roll_deg,pitch_deg,yaw_deg
A_LOCK,0.0,0.00040273064541673786,8.77052460197536e-05,0.0006168949891498382
A_LOCK,0.1,0.0008064232980242725,0.00017385684394743972,0.0012344995833040162
A_LOCK,0.2,0.001213837670593576,0.00025828676731270983,0.0018520547830194953
A_LOCK,0.30000000000000004,0.0016306384712356792,0.00033948568921071676,0.0024676953419901573
A_LOCK,0.4,0.002067675502055666,0.0004135930289060341,0.003079274960729933
A_LOCK,0.5,0.002519726409599743,0.00048127325515368025,0.003692568111047151
A_LOCK,0.6,0.0029696214404848487,0.0005465513574231529,0.004315388702973745
A_LOCK,0.7,0.0034171174481556488,0.0006090508021772689,0.004948109392876189
A_LOCK,0.7999999999999999,0.003861785482204838,0.0006686611836445588,0.005591116270339765
A_LOCK,0.8999999999999999,0.004303147857435685,0.0007254193456684987,0.006244668536354386
A_LOCK,0.9999999999999999,0.004740785279523263,0.0007793413832725693,0.0069086911252533995
A_LOCK,1.0999999999999999,0.005174338026155634,0.0008303959327247146,0.007582918969935036
A_LOCK,1.2,0.005603474795452423,0.0008785634354904759,0.008267103152322021
A_LOCK,1.3,0.006027893577268073,0.0009238661961489258,0.008961039815789905
A_LOCK,1.4000000000000001,0.0064473468909905796,0.0009663515492298602,0.009664493262217327
A_LOCK,1.5000000000000002,0.006861657588574266,0.001006072348245568,0.01037715821303746
A_LOCK,1.6000000000000003,0.007270716727320159,0.0010430879300178386,0.011098683779313195
A_LOCK,1.7000000000000004,0.007674476480853065,0.0010774732284550836,0.011828701663572555
A_LOCK,1.8000000000000005,0.0080729471860852,0.0011093209407303517,0.01256682795984091
A_LOCK,1.9000000000000006,0.008466196344594001,0.0011387370853511158,0.013312654052028132
A_LOCK,2.0000000000000004,0.008854345092233595,0.0011658371210361285,0.014065746148267493
A_LOCK,2.1000000000000005,0.009237561958578167,0.0011907451283350023,0.014825653151937825
A_LOCK,2.2000000000000006,0.00961605627623896,0.0012135937261344987,0.015591913612853413
A_LOCK,2.3000000000000007,0.009990072459878152,0.001234522801757565,0.016364058457823294
A_LOCK,2.400000000000001,0.010359884736788061,0.0012536774918537885,0.01714161248919082
A_LOCK,2.500000000000001,0.010725791796529438,0.0012712064974494952,0.017924097174105088
A_LOCK,2.600000000000001,0.011088111495483388,0.0012872609503786214,0.01871103420227302
A_LOCK,2.700000000000001,0.011447176005746962,0.0013019934305446013,0.019501948430614677
A_LOCK,2.800000000000001,0.011803327547886044,0.0013155569034128956,0.020296369943822272
A_LOCK,2.9000000000000012,0.012156914613554615,0.001328103686607296,0.021093835766567808
A_LOCK,3.0000000000000013,0.012508288593681915,0.0013397845929023489,0.021893891549908267
A_LOCK,3.1000000000000014,0.012857800822073773,0.0013507482502017054,0.02269609311296366
A_LOCK,3.2000000000000015,0.013205800060591466,0.0013611405257331066,0.02350000766588129
A_LOCK,3.3000000000000016,0.013552630404967014,0.0013711040208624903,0.02430521472738164
A_LOCK,3.4000000000000017,0.01389862955929777,0.0013807776493711676,0.02511130684488223
A_LOCK,3.5000000000000018,0.01424412743368364,0.0013902963097736643,0.02591789017376754
A_LOCK,3.600000000000002,0.014589445033922566,0.0013997906396234217,0.026724584910291713
A_LOCK,3.700000000000002,0.01493489361385647,0.0014093868326240377,0.027531025573410875
A_LOCK,3.800000000000002,0.015280774055554502,0.0014192065075075422,0.028336861158654355
A_LOCK,3.900000000000002,0.015627376441402108,0.0014293666243005987,0.02914175519528424
A_LOCK,4.000000000000002,0.01597497978653728,0.0014399794428764379,0.029945385726382803
A_LOCK,4.100000000000001,0.01632385190488783,0.0014511525160277317,0.030747445221742317
A_LOCK,4.200000000000001,0.01667424938472828,0.0014629887094965155,0.031547640433399034
A_LOCK,4.300000000000001,0.017026417651586523,0.0014755862434246425,0.03234569220627972
A_LOCK,4.4,0.017380591098832943,0.0014890387511571346,0.03314133525558463
A_LOCK,4.5,0.01773699326938971,0.0015034353516328869,0.03393431791931724
A_LOCK,4.6,0.018095837074799337,0.0015188607317822567,0.03472440189203178
A_LOCK,4.699999999999999,0.01845732504017561,0.001535395235893522,0.035511361945081206
A_LOCK,4.799999999999999,0.018821649565515797,0.0015531149596574312,0.03629498563815789
A_LOCK,4.899999999999999,0.01918899319572509,0.0015720918471270329,0.037075073025977484
A_LOCK,4.999999999999998,0.01955952889344037,0.0015923937891672013,0.03785143636285768
A_LOCK,5.099999999999998,0.01993342031016665,0.0016140847222436694,0.03862389980714068
A_LOCK,5.1999999999999975,0.02031082205247625,0.0016372247267151252,0.039392299126915775
A_LOCK,5.299999999999997,0.02069187994100874,0.0016618701240470601,0.04015648140810297
A_LOCK,5.399999999999997,0.021076731260826875,0.0016880735725983698,0.04091630476556201
A_LOCK,5.4999999999999964,0.021465505002399854,0.0017158841617591625,0.041671638057553036
A_LOCK,5.599999999999996,0.021858322092996763,0.0017453475043370248,0.04242236060363636
A_LOCK,5.699999999999996,0.022255295618681226,0.001776505827200292,0.043168361905949644
A_LOCK,5.799999999999995,0.022656531037390515,0.0018093980602428839,0.04390954137369485
A_LOCK,5.899999999999995,0.023062126383784687,0.001844059923792274,0.04464580805059237
A_LOCK,5.999999999999995,0.023472172466687424,0.0018805240146101965,0.045377080345017494
A_LOCK,6.099999999999994,0.023886753059998767,0.0019188198906420206,0.04610328576252115
A_LOCK,6.199999999999994,0.024305945087985448,0.0019589741546821027,0.046824360640450036
A_LOCK,6.299999999999994,0.024729818805827586,0.0020010105371143783,0.04754024988440861
A_LOCK,6.399999999999993,0.025158437976267045,0.002044949977875188,0.048250906706338616
A_LOCK,6.499999999999993,0.02559186004310665,0.0020908107077703963,0.04895629236403447
A_LOCK,6.5999999999999925,0.026030136302263585,0.002138608329255498,0.049656375901960426
A_LOCK,6.699999999999992,0.026473312070957822,0.0021883558967763506,0.0503511338932815
A_LOCK,6.799999999999992,0.02692142685555199,0.0022400639967325997,0.05104055018306633
A_LOCK,6.8999999999999915,0.027374514518446302,0.0022937408271204163,0.05172461563266482
A_LOCK,6.999999999999991,0.027832603444360227,0.0023493922768807463,0.052403327865302565
A_LOCK,7.099999999999991,0.02829571670623887,0.0024070220049622337,0.05307669101297119
A_LOCK,7.19999999999999,0.028763872230953447,0.002466631519099427,0.0537447154647262
A_LOCK,7.29999999999999,0.02923708296488936,0.002528220254280511,0.05440741761652857
A_LOCK,7.39999999999999,0.029715357039467483,0.0025917856508771986,0.05506481962278928
A_LOCK,7.499999999999989,0.030198697936577923,0.002657323232390041,0.05571694914979413
A_LOCK,7.599999999999989,0.030687104653868147,0.0027248266827589185,0.05636383913119803
A_LOCK,7.699999999999989,0.031180571869795837,0.0027942879231815376,0.057005527525787685
A_LOCK,7.799999999999988,0.031679090108316155,0.0028656971883738724,0.05764205707771666
A_LOCK,7.899999999999988,0.03218264590305975,0.0029390431022088825,0.05827347507941794
A_LOCK,7.999999999999988,0.03269122196083962,0.003014312752661563,0.058899833137399146
A_LOCK,8.099999999999987,0.03320479732430737,0.003091491765995713,0.059521186941120116
A_LOCK,8.199999999999987,0.03372334753358053,0.0031705643801152594,0.06013759603514998
A_LOCK,8.299999999999986,0.03424684478665352,0.003251513517017801,0.06074912359479191
A_LOCK,8.399999999999986,0.034775258098409756,0.003334320854285311,0.061355836205354536
A_LOCK,8.499999999999986,0.035308553458048175,0.0034189668955412755,0.061957803645239284
A_LOCK,8.599999999999985,0.035846693984756484,0.003505431039820428,0.06255509867300248
A_LOCK,8.699999999999985,0.03638964008145473,0.003593691649790398,0.06314779681854098
A_LOCK,8.799999999999985,0.03693734958644812,0.0036837261187721015,0.0637359761785365
A_LOCK,8.899999999999984,0.037489777922844914,0.0037755109365084083,0.06431971721628404
A_LOCK,8.999999999999984,0.038046878245585614,0.003869021753636681,0.06489910256601665
A_LOCK,9.099999999999984,0.03860860158596602,0.003964233444822496,0.06547421684182762
A_LOCK,9.199999999999983,0.03917489699352039,0.004061120170515353,0.06604514645127882
A_LOCK,9.299999999999983,0.03974571167516705,0.0041596554372931305,0.06661197941377478
A_LOCK,9.399999999999983,0.040320991131505,0.004259812156766962,0.06717480518376799
A_LOCK,9.499999999999982,0.04090067929018282,0.004361562703015742,0.06773371447885443
A_LOCK,9.599999999999982,0.0414847186362548,0.004464878968532371,0.06828879911280475
A_LOCK,9.699999999999982,0.0420730503394503,0.004569732418657102,0.06884015183356737
A_LOCK,9.799999999999981,0.04266561437830951,0.004676094144485887,0.0693878661662731
A_LOCK,9.89999999999998,0.04326234966111475,0.004783934914237564,0.06993203626125907
A_LOCK,9.99999999999998,0.043863194143585194,0.004893225223074893,0.07047275674712358
A_LOCK,10.09999999999998,0.04446808494330512,0.005003935341362453,0.07101012258881359
A_LOCK,10.19999999999998,0.04507695845082493,0.005116035361369564,0.0715442289507391
A_LOCK,10.29999999999998,0.045689750437456156,0.005229495242405624,0.07207517106490657
A_LOCK,10.399999999999979,0.046306396159711216,0.005344284854393366,0.07260304410404914
A_LOCK,10.499999999999979,0.04692683046039081,0.005460374019881531,0.07312794305972863
A_LOCK,10.599999999999978,0.047550987866307515,0.0055777325545007805,0.07364996262538052
A_LOCK,10.699999999999978,0.04817880268266095,0.00569633030587241,0.07416919708426493
A_LOCK,10.799999999999978,0.0488102090840461,0.0058161371909745685,0.07468574020228157
A_LOCK,10.899999999999977,0.04944514120212784,0.005937123231979924,0.0751996851256014
A_LOCK,10.999999999999977,0.05008353320998116,0.00605925859057499,0.07571112428306426
A_LOCK,11.099999999999977,0.05072531940312186,0.006182513600773598,0.07622014929328635
A_LOCK,11.199999999999976,0.05137043427724752,0.006306858800243009,0.07672685087641731
A_LOCK,11.299999999999976,0.05201881260271324,0.006432264960156253,0.0772313187704848
A_LOCK,11.399999999999975,0.05267038949577607,0.006558703113590414,0.07773364165225821
A_LOCK,11.499999999999975,0.05332510048663397,0.00668614458248723,0.07823390706255987
A_LOCK,11.599999999999975,0.05398288158429654,0.006814561003199382,0.0787322013359508
A_LOCK,11.699999999999974,0.05464366933833009,0.00694392435064195,0.0792286095347155
A_LOCK,11.799999999999974,0.05530740089750619,0.007074206961071194,0.0797232153870646
A_LOCK,11.899999999999974,0.05597401406541214,0.007205381553514023,0.0802161012294745
A_LOCK,11.999999999999973,0.0566434473530506,0.007337421249872467,0.08070734795307924
A_LOCK,12.099999999999973,0.05731564002849443,0.007470299593727803,0.08119703495402972
A_LOCK,12.199999999999973,0.05799053216362704,0.007603990567869312,0.08168524008773123
A_LOCK,12.299999999999972,0.058668064678037646,0.0077384686105759215,0.08217203962686984
A_LOCK,12.399999999999972,0.059348179380107946,0.007873708630672605,0.0826575082231357
A_LOCK,12.499999999999972,0.06003081900535745,0.008009686021394735,0.08314171887255334
A_LOCK,12.599999999999971,0.06071592725209196,0.008146376673088374,0.08362474288432303
A_LOCK,12.69999999999997,0.06140344881442683,0.008283756984764856,0.0841066498530787
A_LOCK,12.79999999999997,0.06209332941272938,0.008421803874552325,0.08458750763446644
A_LOCK,12.89999999999997,0.06278551582154579,0.008560494789064288,0.08506738232394964
A_LOCK,12.99999999999997,0.06347995589507527,0.00869980771171519,0.085546338238743
A_LOCK,13.09999999999997,0.06417659859024394,0.008839721170017356,0.08602443790277836
A_LOCK,13.199999999999969,0.06487539398745912,0.008980214241884055,0.08650174203460549
A_LOCK,13.299999999999969,0.06557629330907988,0.009121266560970342,0.08697830953812843
A_LOCK,13.399999999999968,0.06627924893569692,0.00926285832108309,0.0874541974960823
A_LOCK,13.499999999999968,0.06698421442025759,0.00940497027968712,0.08792946116615266
A_LOCK,13.599999999999968,0.06769114450012303,0.009547583760540823,0.08840415397964171
A_LOCK,13.699999999999967,0.06839999510710537,0.009690680655490669,0.08887832754258339
A_LOCK,13.799999999999967,0.06911072337555901,0.009834243425450973,0.08935203163921202
A_LOCK,13.899999999999967,0.06982328764858758,0.009978255100605626,0.08982531423768841
A_LOCK,13.999999999999966,0.07053764748243119,0.01012269927985282,0.09029822149799004
A_LOCK,14.099999999999966,0.0712537636490933,0.010267560129534448,0.09077079778187022
A_LOCK,14.199999999999966,0.07197159813728815,0.01041282238146346,0.09124308566479586
A_LOCK,14.299999999999965,0.07269111415174878,0.010558471330295305,0.09171512594976788
A_LOCK,14.399999999999965,0.07341227611097878,0.010704492830260592,0.09218695768293653
A_LOCK,14.499999999999964,0.0741350496435027,0.010850873291291196,0.09265861817092078
A_LOCK,14.599999999999964,0.0748594015826759,0.010997599674571867,0.09313014299974429
A_LOCK,14.699999999999964,0.07558529996012275,0.011144659487537178,0.09360156605530025
A_LOCK,14.799999999999963,0.0763127139978611,0.011292040778351109,0.09407291954525833
A_LOCK,14.899999999999963,0.07704161409917099,0.011439732129888358,0.09454423402233057
A_LOCK,14.999999999999963,0.07777197183827589,0.011587722653248922,0.09501553840881297
A_LOCK,15.099999999999962,0.0785037599488847,0.011736001980832078,0.09548686002232129
A_LOCK,15.199999999999962,0.07923695231166705,0.011884560258992649,0.09595822460264215
A_LOCK,15.299999999999962,0.07997152394070617,0.01203338814030952,0.09642965633961939
A_LOCK,15.399999999999961,0.08070745096899612,0.012182476775488948,0.09690117790200056
A_LOCK,15.499999999999961,0.08144471063303227,0.012331817804925371,0.09737281046716881
A_LOCK,15.59999999999996,0.08218328125655772,0.012481403349949294,0.09784457375168669
A_LOCK,15.69999999999996,0.08292314223350894,0.012631226003780582,0.09831648604258023
A_LOCK,15.79999999999996,0.08366427401022902,0.012781278822213249,0.09878856422929441
A_LOCK,15.89999999999996,0.08440665806698122,0.012931555314052268,0.09926082383625126
A_LOCK,15.99999999999996,0.08515027689883148,0.013082049431326237,0.099733279055946
A_LOCK,16.09999999999996,0.08589511399593674,0.013232755559297038,0.10020594278251649
A_LOCK,16.19999999999996,0.08664115382329685,0.013383668506285362,0.10067882664572278
A_LOCK,16.29999999999996,0.08738838180000774,0.013534783493334701,0.10115194104527798
A_LOCK,16.399999999999963,0.08813678427807392,0.013686096143732507,0.10162529518547189
A_LOCK,16.499999999999964,0.08888634852081367,0.01383760247240895,0.10209889711002954
A_LOCK,16.599999999999966,0.08963706268090399,0.013989298875232148,0.10257275373714961
A_LOCK,16.699999999999967,0.09038891577812158,0.014141182118209528,0.10304687089467214
A_LOCK,16.79999999999997,0.09114189767679337,0.014293249326628732,0.10352125335532116
A_LOCK,16.89999999999997,0.09189599906302359,0.014445497974140409,0.10399590487197746
A_LOCK,16.99999999999997,0.09265121142171884,0.014597925871809025,0.1044708282129309
A_LOCK,17.099999999999973,0.09340752701346278,0.014750531157139313,0.1049460251970665
A_LOCK,17.199999999999974,0.09416493885126176,0.01490331228309899,0.10542149672894158
A_LOCK,17.299999999999976,0.09492344067720393,0.015056268007152873,0.10589724283371328
A_LOCK,17.399999999999977,0.09568302693907282,0.015209397380314515,0.10637326269187743
A_LOCK,17.49999999999998,0.09644369276693743,0.01536269973624177,0.10684955467377569
A_LOCK,17.59999999999998,0.09720543394974579,0.015516174680376471,0.10732611637383774
A_LOCK,17.69999999999998,0.09796824691197725,0.015669822079148576,0.10780294464452608
A_LOCK,17.799999999999983,0.0987321286903492,0.015823642049252684,0.10828003562994568
A_LOCK,17.899999999999984,0.0994970769106287,0.015977634947010322,0.10875738479909028
A_LOCK,17.999999999999986,0.10026308976457288,0.016131801357826936,0.10923498697869531
A_LOCK,18.099999999999987,0.1010301659870132,0.016286142085755684,0.10971283638566867
A_LOCK,18.19999999999999,0.10179830483311769,0.01644065814317508,0.11019092665907458
A_LOCK,18.29999999999999,0.1025675060558523,0.016595350740592207,0.11066925089164367
A_LOCK,18.39999999999999,0.10333776988365773,0.016750221276575994,0.11114780166078744
A_LOCK,18.499999999999993,0.104109096998374,0.016905271327837423,0.11162657105909601
A_LOCK,18.599999999999994,0.10488148851341517,0.017060502639451303,0.11210555072429805
A_LOCK,18.699999999999996,0.10565494595223024,0.017215917115239232,0.11258473186866459
A_LOCK,18.799999999999997,0.1064294712270617,0.017371516808309728,0.11306410530784021
A_LOCK,18.9,0.10720506661800366,0.017527303911775316,0.11354366148908408
A_LOCK,19.0,0.10798173475240957,0.01768328074963116,0.11402339051890853
A_LOCK,19.1,0.10875947858462576,0.017839449767826254,0.11450328219009964
A_LOCK,19.200000000000003,0.10953830137608511,0.01799581352550783,0.11498332600811143
A_LOCK,19.300000000000004,0.11031820667576964,0.018152374686463413,0.11546351121682097
A_LOCK,19.400000000000006,0.11109919830105641,0.018309136010748905,0.11594382682363541
A_LOCK,19.500000000000007,0.11188128031894673,0.018466100346516523,0.11642426162394234
A_LOCK,19.60000000000001,0.11266445702770056,0.01862327062204089,0.11690480422489831
A_LOCK,19.70000000000001,0.1134487329388778,0.018780649837946417,0.11738544306854781
A_LOCK,19.80000000000001,0.11423411275979634,0.018938241059641814,0.11786616645426998
A_LOCK,19.900000000000013,0.1150206013764139,0.019096047409958627,0.11834696256054839
A_LOCK,20.000000000000014,0.11580820383663804,0.01925407206199986,0.11882781946606139
A_LOCK,20.100000000000016,0.11659692533407273,0.019412318232197856,0.11930872517009108
A_LOCK,20.200000000000017,0.1173867711922042,0.01957078917358307,0.11978966761225186
A_LOCK,20.30000000000002,0.11817774684902915,0.019729488169263898,0.12027063469153661
A_LOCK,20.40000000000002,0.11896985784213254,0.019888418526118834,0.12075161428468321
A_LOCK,20.50000000000002,0.11976310979420934,0.02004758356870251,0.1212325942638637
A_LOCK,20.600000000000023,0.12055750839904145,0.020206986633360235,0.12171356251369755
A_LOCK,20.700000000000024,0.12135305940792507,0.020366631062557206,0.12219450694759401
A_LOCK,20.800000000000026,0.12214976861655025,0.020526520199416476,0.12267541552342677
A_LOCK,20.900000000000027,0.12294764185232931,0.020686657382469553,0.1231562762585465
A_LOCK,21.00000000000003,0.12374668496218488,0.020847045940611875,0.12363707724413735
A_LOCK,21.10000000000003,0.12454690380077882,0.02100768918827095,0.12411780665892316
A_LOCK,21.20000000000003,0.12534830421919396,0.021168590420773903,0.12459845278223028
A_LOCK,21.300000000000033,0.12615089205406171,0.02132975290992517,0.12507900400641572
A_LOCK,21.400000000000034,0.12695467311713082,0.021491179899782553,0.12555944884866765
A_LOCK,21.500000000000036,0.12775965318527704,0.02165287460263393,0.12603977596218652
A_LOCK,21.600000000000037,0.12856583799094945,0.021814840195171437,0.12651997414675678
A_LOCK,21.70000000000004,0.1293732332130445,0.02197707981485969,0.12700003235871876
A_LOCK,21.80000000000004,0.13018184446821324,0.022139596556497665,0.12747993972035054
A_LOCK,21.90000000000004,0.1309916773025802,0.022302393468971116,0.12795968552866943
A_LOCK,22.000000000000043,0.13180273718389457,0.022465473552183923,0.12843925926366417
A_LOCK,22.100000000000044,0.13261502949408144,0.022628839754181507,0.12891865059596946
A_LOCK,22.200000000000045,0.13342855952219057,0.02279249496845226,0.12939784939399376
A_LOCK,22.300000000000047,0.13424333245776665,0.022956442031399182,0.12987684573051256
A_LOCK,22.40000000000005,0.13505935338459096,0.023120683719992208,0.13035562988873667
A_LOCK,22.50000000000005,0.1358766272748161,0.02328522274958672,0.1308341923678712
A_LOCK,22.60000000000005,0.13669515898347895,0.02345006177190695,0.13131252388817571
A_LOCK,22.700000000000053,0.13751495324338214,0.023615203373194893,0.1317906153955373
A_LOCK,22.800000000000054,0.13833601466034207,0.023780650072514842,0.13226845806557036
A_LOCK,22.900000000000055,0.13915834770878954,0.023946404320211223,0.13274604330725598
A_LOCK,23.000000000000057,0.13998195672771396,0.024112468496525263,0.1332233627661329
A_LOCK,23.10000000000006,0.14080684591696413,0.02427884491034532,0.13370040832705404
A_LOCK,23.20000000000006,0.1416330193338574,0.024445535798110818,0.13417717211652086
A_LOCK,23.30000000000006,0.14246048089012764,0.0246125433228489,0.13465364650460948
A_LOCK,23.400000000000063,0.14328923434917995,0.02477986957334921,0.13512982410650237
A_LOCK,23.500000000000064,0.14411928332365842,0.024947516563467442,0.1356056977836363
A_LOCK,23.600000000000065,0.14495063127330465,0.025115486231554462,0.13608126064448137
A_LOCK,23.700000000000067,0.14578328150310915,0.025283780440010784,0.13655650604496414
A_LOCK,23.800000000000068,0.1466172371617429,0.02545240097495538,0.1370314275885482
A_LOCK,23.90000000000007,0.14745250124026,0.025621349546012806,0.13750601912598487
A_LOCK,24.00000000000007,0.14828907657106227,0.0257906277862065,0.1379802747547465
A_LOCK,24.100000000000072,0.14912696582711982,0.025960237251960394,0.13845418881815688
A_LOCK,24.200000000000074,0.1499661715214352,0.026130179423203004,0.13892775590423034
A_LOCK,24.300000000000075,0.15080669600674645,0.02630045570356554,0.1394009708442323
A_LOCK,24.400000000000077,0.1516485414754486,0.026471067420680894,0.139873828710973
A_LOCK,24.500000000000078,0.15249170995975392,0.02664201582656317,0.14034632481685094
A_LOCK,24.60000000000008,0.15333620333204412,0.02681330209808125,0.1408184547116517
A_LOCK,24.70000000000008,0.15418202330543274,0.026984927337511067,0.14129021418011928
A_LOCK,24.800000000000082,0.15502917143452188,0.027156892573165115,0.1417615992393113
A_LOCK,24.900000000000084,0.15587764911633994,0.027329198760097928,0.14223260613574792
A_LOCK,25.000000000000085,0.15672745759145934,0.027501846780882133,0.14270323134236806
A_LOCK,25.100000000000087,0.15757859794528206,0.02767483744644922,0.14317347155530344
A_LOCK,25.200000000000088,0.15843107110948396,0.027848171496996643,0.14364332369048163
A_LOCK,25.30000000000009,0.15928487786361434,0.028021849602951843,0.144112784880069
A_LOCK,25.40000000000009,0.16014001883683504,0.028195872365992858,0.1445818524687651
A_LOCK,25.500000000000092,0.16099649450980336,0.028370240320122753,0.14505052400995835
A_LOCK,25.600000000000094,0.16185430521667565,0.02854495393279116,0.14551879726175387
A_LOCK,25.700000000000095,0.1627134511472378,0.028720013606063466,0.14598667018288383
A_LOCK,25.800000000000097,0.1635739323491463,0.028895419677831324,0.14645414092850892
A_LOCK,25.900000000000098,0.16443574873027578,0.029071172423061786,0.146921207845922
A_LOCK,26.0000000000001,0.16529890006116965,0.029247272055083817,0.14738786947016236
A_LOCK,26.1000000000001,0.16616338597757763,0.02942371872690791,0.14785412451955132
A_LOCK,26.200000000000102,0.1670292059830798,0.02960051253257412,0.14831997189115595
A_LOCK,26.300000000000104,0.16789635945179315,0.02977765350852868,0.1487854106561909
A_LOCK,26.400000000000105,0.16876484563114602,0.02995514163502494,0.1492504400553667
A_LOCK,26.500000000000107,0.16963466364471858,0.03013297683754257,0.14971505949419278
A_LOCK,26.600000000000108,0.1705058124951394,0.030311158988233444,0.15017926853824187
A_LOCK,26.70000000000011,0.17137829106704805,0.030489687907372998,0.15064306690838597
A_LOCK,26.80000000000011,0.17225209813008913,0.030668563364833312,0.1511064544760079
A_LOCK,26.900000000000112,0.17312723234195526,0.03084778508156416,0.15156943125819922
A_LOCK,27.000000000000114,0.1740036922514664,0.031027352731083757,0.15203199741294932
A_LOCK,27.100000000000115,0.17488147630167838,0.03120726594097517,0.15249415323433194
A_LOCK,27.200000000000117,0.17576058283301388,0.03138752429438885,0.15295589914769658
A_LOCK,27.300000000000118,0.1766410100864204,0.03156812733154396,0.15341723570487079
A_LOCK,27.40000000000012,0.17752275620653601,0.0317490745512341,0.15387816357937878
A_LOCK,27.50000000000012,0.1784058192448702,0.03193036541232813,0.1543386835616828
A_LOCK,27.600000000000122,0.179290197162989,0.03211199933526676,0.15479879655445145
A_LOCK,27.700000000000124,0.18017588783570115,0.03229397570355569,0.15525850356786186
A_LOCK,27.800000000000125,0.1810628890542375,0.03247629386525358,0.155717805714938
A_LOCK,27.900000000000126,0.1819511985294373,0.032658953134443,0.15617670420693347
A_LOCK,28.000000000000128,0.18284081389490747,0.0328419527926988,0.15663520034875816
A_LOCK,28.10000000000013,0.18373173271017584,0.03302529209053984,0.1570932955344589
A_LOCK,28.20000000000013,0.18462395246381946,0.03320897024887198,0.15755099124275435
A_LOCK,28.300000000000132,0.18551747057658308,0.033392986460408336,0.15800828903262792
A_LOCK,28.400000000000134,0.18641228440446278,0.03357733989107986,0.15846519053898278
A_LOCK,28.500000000000135,0.18730839124176546,0.03376202968142755,0.15892169746836315
A_LOCK,28.600000000000136,0.18820578832413404,0.03394705494797279,0.1593778115947445
A_LOCK,28.700000000000138,0.18910447283154486,0.034132414784571685,0.15983353475539513
A_LOCK,28.80000000000014,0.19000444189126087,0.03431810826374554,0.16028886884681237
A_LOCK,28.90000000000014,0.19090569258075174,0.03450413443799222,0.16074381582073588
A_LOCK,29.000000000000142,0.19180822193057323,0.03469049234107474,0.1611983776802387
A_LOCK,29.100000000000144,0.1927120269271998,0.034877180989283774,0.16165255647589952
A_LOCK,29.200000000000145,0.1936171045158116,0.03506419938267796,0.16210635430205916
A_LOCK,29.300000000000146,0.1945234516030374,0.035251546506301135,0.16255977329316212
A_LOCK,29.400000000000148,0.19543106505964492,0.03543922133136973,0.16301281562018394
A_LOCK,29.50000000000015,0.19633994172318192,0.035627222816437876,0.16346548348714546
A_LOCK,29.60000000000015,0.19725007840056485,0.03581554990853475,0.16391777912771727
A_LOCK,29.700000000000152,0.19816147187061428,0.03600420154427375,0.16436970480191387
A_LOCK,29.800000000000153,0.1990741188865338,0.0361931766509338,0.1648212627928785
A_LOCK,29.900000000000155,0.19998801617832818,0.03638247414751811,0.1652724554037598
A_LOCK,30.000000000000156,0.20090316045517964,0.0365720929457754,0.1657232849546807
A_LOCK,30.100000000000158,0.20181954840774785,0.036762031951200536,0.16617375377979943
A_LOCK,30.20000000000016,0.20273717671042024,0.03695229006400336,0.16662386422446468
A_LOCK,30.30000000000016,0.2036560420235043,0.03714286618004914,0.1670736186424639
A_LOCK,30.400000000000162,0.2045761409953506,0.03733375919176912,0.16752301939336253
A_LOCK,30.500000000000163,0.20549747026442777,0.0375249679890417,0.1679720688399392
A_LOCK,30.600000000000165,0.20642002646131796,0.037716491460050516,0.1684207693457116
A_LOCK,30.700000000000166,0.20734380621067905,0.03790832849210274,0.16886912327255754
A_LOCK,30.800000000000168,0.20826880613311516,0.03810047797242644,0.16931713297842416
A_LOCK,30.90000000000017,0.20919502284700375,0.03829293878893575,0.16976480081513196
A_LOCK,31.00000000000017,0.21012245297025556,0.03848570983096877,0.1702121291262701
A_LOCK,31.100000000000172,0.21105109312201276,0.03867878998999508,0.17065912024517996
A_LOCK,31.200000000000173,0.21198093992428524,0.0388721781602947,0.17110577649302913
A_LOCK,31.300000000000175,0.21291199000352523,0.03906587323960942,0.1715521001769744
A_LOCK,31.400000000000176,0.21384423999214242,0.03925987412976628,0.17199809358841175
A_LOCK,31.500000000000178,0.21477768652995743,0.039454179737271444,0.1724437590013132
A_LOCK,31.60000000000018,0.2157123262655941,0.039648788973878524,0.17288909867064803
A_LOCK,31.70000000000018,0.2166481558578136,0.03984370075712851,0.1733341148308899
A_LOCK,31.800000000000182,0.2175851719767864,0.04003891401086229,0.17377880969460519
A_LOCK,31.900000000000183,0.21852337130531074,0.040234427665706896,0.1742231854511235
A_LOCK,32.000000000000185,0.21946275053996556,0.040430240659536376,0.17466724426528857
A_LOCK,32.100000000000186,0.22040330639221317,0.040626351937905425,0.17511098827628804
A_LOCK,32.20000000000019,0.2213450355894402,0.04082276045445832,0.17555441959656076
A_LOCK,32.30000000000019,0.22228793487594478,0.04101946517131311,0.17599754031077874
A_LOCK,32.40000000000019,0.22323200101386909,0.041216465059421004,0.17644035247490467
A_LOCK,32.50000000000019,0.2241772307840767,0.041413759098900826,0.17688285811532045
A_LOCK,32.60000000000019,0.2251236209869777,0.04161134627935126,0.1773250592280276
A_LOCK,32.700000000000195,0.2260711684433,0.04180922560013922,0.17776695777791746
A_LOCK,32.800000000000196,0.2270198699948105,0.04200739607066556,0.17820855569810826
A_LOCK,32.9000000000002,0.22796972250498704,0.04220585671060956,0.17864985488934765
A_LOCK,33.0000000000002,0.22892072285963871,0.0424046065501506,0.17909085721947945
A_LOCK,33.1000000000002,0.2298728679674803,0.042603644630168025,0.1795315645229739
A_LOCK,33.2000000000002,0.23082615476065405,0.042802970002426444,0.17997197860051636
A_LOCK,33.3000000000002,0.2317805801952172,0.04300258172973015,0.18041210121865855
A_LOCK,33.400000000000205,0.2327361412515716,0.04320247888606893,0.180851934109522
A_LOCK,33.500000000000206,0.23369283493485815,0.04340266055674047,0.18129147897055972
A_LOCK,33.60000000000021,0.23465065827530673,0.04360312583845238,0.18173073746437088
A_LOCK,33.70000000000021,0.23560960832853928,0.04380387383940987,0.1821697112185659
A_LOCK,33.80000000000021,0.23656968217584373,0.04400490367938564,0.18260840182568322
A_LOCK,33.90000000000021,0.23753087692439612,0.04420621448977191,0.1830468108431521
A_LOCK,34.00000000000021,0.23849318970745514,0.044407805413617496,0.18348493979330344
A_LOCK,34.100000000000215,0.23945661768451698,0.044609675605647825,0.18392279016342394
A_LOCK,34.200000000000216,0.2404211580414265,0.04481182423227581,0.184360363405852
A_LOCK,34.30000000000022,0.24138680799047307,0.045014250471587136,0.18479766093811656
A_LOCK,34.40000000000022,0.24235356477043435,0.04521695351332311,0.18523468414311292
A_LOCK,34.50000000000022,0.24332142564659687,0.04541993255884441,0.18567143436931832
A_LOCK,34.60000000000022,0.24429038791074564,0.04562318682108374,0.18610791293104184
A_LOCK,34.70000000000022,0.24526044888112208,0.04582671552448431,0.18654412110870866
A_LOCK,34.800000000000225,0.2462316059023516,0.04603051790493273,0.18698006014917465
A_LOCK,34.900000000000226,0.24720385634535658,0.04623459320967066,0.18741573126607486
A_LOCK,35.00000000000023,0.24817719760722723,0.046438940697206055,0.18785113564019842
A_LOCK,35.10000000000023,0.24915162711107675,0.04664355963720801,0.1882862744198933
A_LOCK,35.20000000000023,0.2501271423058683,0.04684844931039567,0.18872114872149534
A_LOCK,35.30000000000023,0.25110374066622365,0.04705360900841604,0.18915575962978137
A_LOCK,35.40000000000023,0.2520814196922079,0.047259038033712786,0.18959010819844532
A_LOCK,35.500000000000234,0.2530601769090902,0.04746473569939197,0.19002419545059537
A_LOCK,35.600000000000236,0.25404000986709774,0.047670701329071696,0.19045802237927317
A_LOCK,35.70000000000024,0.255020916141137,0.04787693425673256,0.19089158994798755
A_LOCK,35.80000000000024,0.2560028933305063,0.048083433826558275,0.1913248990912677
A_LOCK,35.90000000000024,0.25698593905858746,0.04829019939277002,0.19175795071523158
A_LOCK,36.00000000000024,0.257970050972525,0.048497230319454576,0.1921907456981689
A_LOCK,36.10000000000024,0.2589552267428935,0.048704525980389934,0.19262328489113756
A_LOCK,36.200000000000244,0.2599414640633434,0.04891208575886569,0.1930555691185677
A_LOCK,36.300000000000246,0.2609287606502496,0.049119909047494026,0.1934875991788807
A_LOCK,36.40000000000025,0.2619171142423319,0.049327995248022616,0.1939193758451154
A_LOCK,36.50000000000025,0.26290652260027614,0.04953634377114202,0.19435089986556367
A_LOCK,36.60000000000025,0.26389698350633883,0.04974495403628881,0.19478217196441266
B_NOAOCS,0.0,0.000405413811111921,8.996962133195341e-05,0.0006134914821849524
B_NOAOCS,0.1,0.000825198910023528,0.00018228790504221104,0.0012182287241116405
B_NOAOCS,0.2,0.0012465350490632465,0.0002749225005430067,0.0018285051947872777
B_NOAOCS,0.30000000000000004,0.0016553411863656775,0.00036414728366607196,0.0024412308514748723
B_NOAOCS,0.4,0.00208591314018014,0.0004576707869218266,0.003038445998170748
B_NOAOCS,0.5,0.0025155475085339996,0.0005699846458010471,0.0036257344546974796
B_NOAOCS,0.6,0.0029788096685531285,0.0007524863172063134,0.004212206946851045
B_NOAOCS,0.7,0.0034737513214835314,0.0009778457318104783,0.004848302490130088
B_NOAOCS,0.7999999999999999,0.004139830495476171,0.0012841683569116413,0.005407191908129112
B_NOAOCS,0.8999999999999999,0.005332724500618058,0.0017844206346936953,0.005686596392624137
B_NOAOCS,0.9999999999999999,0.007405425352850936,0.002607436974191968,0.005456351349617937
B_NOAOCS,1.0999999999999999,0.01121921939767423,0.004058905863987383,0.004168308959741733
B_NOAOCS,1.2,0.017725364570778668,0.006494214381834229,0.0013154490173003103
B_NOAOCS,1.3,0.028067042669678077,0.010356382827161503,-0.003668992022420041
B_NOAOCS,1.4000000000000001,0.04320361458673605,0.016142933747792965,-0.011156498472706097
B_NOAOCS,1.5000000000000002,0.06369298147057934,0.024398455877324532,-0.021280158707158603
B_NOAOCS,1.6000000000000003,0.0890754818873215,0.035403237868379844,-0.03355504139134392
B_NOAOCS,1.7000000000000004,0.11691756023037414,0.04877041863101489,-0.046494851463144776
B_NOAOCS,1.8000000000000005,0.1435062131550725,0.06363021159004167,-0.058450025448003
B_NOAOCS,1.9000000000000006,0.1660248368483349,0.08023941191648948,-0.06921173426504426
B_NOAOCS,2.0000000000000004,0.18186595535480532,0.10067351277492859,-0.07944093586476703
B_NOAOCS,2.1000000000000005,0.18592437254206462,0.12767271757721332,-0.08934624167670649
B_NOAOCS,2.2000000000000006,0.16816921204741797,0.16261339532180047,-0.0966563927591782
B_NOAOCS,2.3000000000000007,0.11715806355369285,0.20032449034780173,-0.09679897624399014
B_NOAOCS,2.400000000000001,0.0432178433978061,0.2305714722301709,-0.08963576960360783
B_NOAOCS,2.500000000000001,-0.026302969656252784,0.2421201092488979,-0.08432472210825959
B_NOAOCS,2.600000000000001,-0.08733699896531677,0.23254639904881477,-0.08514258650881407
B_NOAOCS,2.700000000000001,-0.15485559587112213,0.21359077120893505,-0.08411228464475468
B_NOAOCS,2.800000000000001,-0.23684601298104047,0.18892027102093503,-0.07710598553306773
B_NOAOCS,2.9000000000000012,-0.3303298410853985,0.15720879966476342,-0.0677081496472638
B_NOAOCS,3.0000000000000013,-0.43715441048228787,0.1182394880461064,-0.05570804247368501
B_NOAOCS,3.1000000000000014,-0.558573469528888,0.07306670232206197,-0.042024335063914356
B_NOAOCS,3.2000000000000015,-0.6726708373140752,0.029598559051846496,-0.03081860396236001
B_NOAOCS,3.3000000000000016,-0.7462485643910528,-0.0023415980606920073,-0.028768508710609722
B_NOAOCS,3.4000000000000017,-0.8084182195661962,-0.027640235050170214,-0.025835687335964155
B_NOAOCS,3.5000000000000018,-0.8676289992531276,-0.04944611785205516,-0.021429667874122885
B_NOAOCS,3.600000000000002,-0.9119938955274598,-0.06298673653892634,-0.016157524323093767
B_NOAOCS,3.700000000000002,-0.9452499344034377,-0.07229367958738436,-0.00995581906052758
B_NOAOCS,3.800000000000002,-0.966117438805533,-0.07940011818801801,-0.004404741288309297
B_NOAOCS,3.900000000000002,-0.9766951256643516,-0.08473574136415146,0.0007453382901308481
B_NOAOCS,4.000000000000002,-0.9794834511656216,-0.08954023094932378,0.004897244193553037
B_NOAOCS,4.100000000000001,-0.9725413861091217,-0.09404606003531463,0.006726471483753396
B_NOAOCS,4.200000000000001,-0.955383656643324,-0.09786301414059034,0.006117909322721833
B_NOAOCS,4.300000000000001,-0.928068799082415,-0.10081648752582123,0.0031659148211011234
B_NOAOCS,4.4,-0.8900004191480797,-0.1023620385989174,-0.001962722723689782
B_NOAOCS,4.5,-0.8414163196328848,-0.10242085304306064,-0.008765180661473616
B_NOAOCS,4.6,-0.7824546642650713,-0.10109130477484024,-0.016712252356084742
B_NOAOCS,4.699999999999999,-0.7135798828326605,-0.09858412590075921,-0.02502909882798668
B_NOAOCS,4.799999999999999,-0.6363019183757481,-0.0951999234868996,-0.03304447730227987
B_NOAOCS,4.899999999999999,-0.5540602231794618,-0.09153550531150528,-0.039423711016682614
B_NOAOCS,4.999999999999998,-0.47580622484784413,-0.09115036584514064,-0.04350913233779523
B_NOAOCS,5.099999999999998,-0.4121852809038661,-0.09408579208016782,-0.04384104508160633
B_NOAOCS,5.1999999999999975,-0.3611564889298363,-0.09152706588793896,-0.0392355549273356
B_NOAOCS,5.299999999999997,-0.3310717052335048,-0.08932904814683457,-0.028576949694978468
B_NOAOCS,5.399999999999997,-0.3201516031954788,-0.08997486258878634,-0.01340613404120803
B_NOAOCS,5.4999999999999964,-0.3074732392099897,-0.08617023609601998,0.003823411029618161
B_NOAOCS,5.599999999999996,-0.2822286006618363,-0.07528328507704113,0.018646488793233766
B_NOAOCS,5.699999999999996,-0.2489187304597233,-0.05909826925369138,0.029099027755395288
B_NOAOCS,5.799999999999995,-0.21920373451804265,-0.04082071852961544,0.03778837239669836
B_NOAOCS,5.899999999999995,-0.19956050279433124,-0.02201972292679255,0.048006035151980264
B_NOAOCS,5.999999999999995,-0.18582795893357495,-0.001693861517716444,0.06132361785480235
B_NOAOCS,6.099999999999994,-0.16676826692026347,0.020686160456445557,0.07450311514793874
B_NOAOCS,6.199999999999994,-0.13407080608584904,0.04350571733195996,0.08479862236471153
B_NOAOCS,6.299999999999994,-0.08535969152699457,0.06383961646943759,0.09223007359393856
B_NOAOCS,6.399999999999993,-0.02206130425493713,0.07735717596814062,0.09720359158241977
B_NOAOCS,6.499999999999993,0.053890833971177665,0.0803408229009504,0.09936938201860462
B_NOAOCS,6.5999999999999925,0.132420325632863,0.07255451074012609,0.09571761598223096
B_NOAOCS,6.699999999999992,0.15619793224987255,0.059636721998406306,0.09324182388103812
B_NOAOCS,6.799999999999992,0.13475726432311919,0.045652183743146724,0.10060823902326606
B_NOAOCS,6.8999999999999915,0.1111633719011752,0.023643416569252118,0.10608143392241337
B_NOAOCS,6.999999999999991,0.09667317586360968,-0.006367382038618641,0.10831742927429133
B_NOAOCS,7.099999999999991,0.09285678328424407,-0.040696364033492194,0.10953672661818578
B_NOAOCS,7.19999999999999,0.096151882036841,-0.07999675916954535,0.10924990152632144
B_NOAOCS,7.29999999999999,0.10878160987959018,-0.12319824006618724,0.10713061269369173
B_NOAOCS,7.39999999999999,0.13840764017014984,-0.16797910962762347,0.10161935407818735
B_NOAOCS,7.499999999999989,0.19241476049228212,-0.2123714090583126,0.09046275182421254
B_NOAOCS,7.599999999999989,0.27081395534852215,-0.25385765280953004,0.07391477192102837
B_NOAOCS,7.699999999999989,0.3714584540328346,-0.2899960110034608,0.051316347129118416
B_NOAOCS,7.799999999999988,0.48398630688256317,-0.3212236185670922,0.02600140054457545
B_NOAOCS,7.899999999999988,0.5942618718207726,-0.3506113222188339,0.001874509088316309
B_NOAOCS,7.999999999999988,0.7026958756517998,-0.37610415628067156,-0.021243384058453038
B_NOAOCS,8.099999999999987,0.8069571167382834,-0.3990568343659418,-0.043693657779733594
B_NOAOCS,8.199999999999987,0.8970079030973226,-0.42081888797511496,-0.06362439135619545
B_NOAOCS,8.299999999999986,0.9820891090495762,-0.43999682440386584,-0.08389817635944752
B_NOAOCS,8.399999999999986,1.0664438055144316,-0.45496405658802613,-0.10593648369870226
B_NOAOCS,8.499999999999986,1.1463920173838353,-0.4651270680430128,-0.12894972303145566
B_NOAOCS,8.599999999999985,1.2167146304801584,-0.4701396493144557,-0.15173401306585058
B_NOAOCS,8.699999999999985,1.274310131306449,-0.46977839434241336,-0.17386374307985186
B_NOAOCS,8.799999999999985,1.3172906321739764,-0.4639232636616036,-0.19524241186166605
B_NOAOCS,8.899999999999984,1.3444476376110164,-0.45274476527164803,-0.21592452955312424
B_NOAOCS,8.999999999999984,1.3545995078476176,-0.4366489499103661,-0.23586291791207342
B_NOAOCS,9.099999999999984,1.3468647944639773,-0.4168111451577519,-0.2544726262999457
B_NOAOCS,9.199999999999983,1.3223185733301366,-0.39484902718824283,-0.2714854214185666
B_NOAOCS,9.299999999999983,1.2830234502704838,-0.3722396081705965,-0.2869006066243987
B_NOAOCS,9.399999999999983,1.2309334228343842,-0.35022979526404235,-0.3008102496777532
B_NOAOCS,9.499999999999982,1.1676005377903456,-0.3298834375575587,-0.3133617995159059
B_NOAOCS,9.599999999999982,1.0942866380863723,-0.3122347393911428,-0.32474895829524814
B_NOAOCS,9.699999999999982,1.0117218958394154,-0.2984394642620491,-0.3352745661795802
B_NOAOCS,9.799999999999981,0.9196469189233947,-0.29000176106315506,-0.34559822090962156
B_NOAOCS,9.89999999999998,0.8177255035985351,-0.2896427691109443,-0.35769830462297925
B_NOAOCS,9.99999999999998,0.713541000859323,-0.2990420937453216,-0.3720694483918098
B_NOAOCS,10.09999999999998,0.6185266166203383,-0.3161129261805761,-0.38708492294027014
B_NOAOCS,10.19999999999998,0.5559199752510551,-0.33903184766654176,-0.4112761911671676
B_NOAOCS,10.29999999999998,0.4991722062814379,-0.36746103548056025,-0.4445840195914924
B_NOAOCS,10.399999999999979,0.4180127137684786,-0.40446045691560545,-0.481520941619331
B_NOAOCS,10.499999999999979,0.31794625051758363,-0.45380523436025183,-0.5244867134692439
B_NOAOCS,10.599999999999978,0.20921118859314114,-0.5255916268449969,-0.582977891072058
B_NOAOCS,10.699999999999978,0.09753133868138619,-0.6226744469024228,-0.6604091883479128
B_NOAOCS,10.799999999999978,-0.012185400353630027,-0.74324579774412,-0.7560441535376613
B_NOAOCS,10.899999999999977,-0.11428260334162843,-0.8883808625723131,-0.8721467784559046
B_NOAOCS,10.999999999999977,-0.20245049909069962,-1.0568026718223094,-1.0097882893155106
B_NOAOCS,11.099999999999977,-0.2722082333736977,-1.2476333342248378,-1.1704932192099378
B_NOAOCS,11.199999999999976,-0.32699772109662567,-1.461741556062387,-1.35252210213182
B_NOAOCS,11.299999999999976,-0.39643565183875296,-1.694303072109614,-1.5442100809797572
B_NOAOCS,11.399999999999975,-0.5030204121862809,-1.9323823884321558,-1.728256535947497
B_NOAOCS,11.499999999999975,-0.6349161738218447,-2.179593977209424,-1.9075005855486493
B_NOAOCS,11.599999999999975,-0.7987977752670851,-2.4333886177480823,-2.074854789908416
B_NOAOCS,11.699999999999974,-0.9814891959964214,-2.6869766435262106,-2.227334036938825
B_NOAOCS,11.799999999999974,-1.128766931607775,-2.9282141626912352,-2.383204466591902
B_NOAOCS,11.899999999999974,-1.2656956762980933,-3.171727616007418,-2.5472962404781545
B_NOAOCS,11.999999999999973,-1.3944277875711006,-3.40206544164829,-2.69065651774924
B_NOAOCS,12.099999999999973,-1.5211102705738724,-3.5932844238796435,-2.758509330434327
B_NOAOCS,12.199999999999973,-1.628765303037796,-3.746434934779986,-2.7537973733457264
B_NOAOCS,12.299999999999972,-1.7235274911959042,-3.8942090176342288,-2.730670084649017
B_NOAOCS,12.399999999999972,-1.8190742028482694,-4.045817595536961,-2.717797441600694
B_NOAOCS,12.499999999999972,-1.9062755316315945,-4.187875841012909,-2.7012939150074993
B_NOAOCS,12.599999999999971,-1.9517642352616402,-4.289498093096709,-2.687421877050004
B_NOAOCS,12.69999999999997,-2.005335861664275,-4.378506416453742,-2.6777754653605883
B_NOAOCS,12.79999999999997,-2.0514571814277733,-4.46248133299021,-2.6629780264971856
B_NOAOCS,12.89999999999997,-2.076476412583214,-4.52989027712746,-2.6397813277223396
B_NOAOCS,12.99999999999997,-2.052066072077146,-4.558076389400502,-2.5955929949795413
B_NOAOCS,13.09999999999997,-2.0036830317359655,-4.567880369977084,-2.5289283251043244
B_NOAOCS,13.199999999999969,-2.0063740395884215,-4.611467606910219,-2.4547404091363982
B_NOAOCS,13.299999999999969,-1.9989044369592526,-4.6485134331369276,-2.3768768462153655
B_NOAOCS,13.399999999999968,-1.9828095715328011,-4.681526637833477,-2.3013408543003617
B_NOAOCS,13.499999999999968,-1.952204145776159,-4.7090304580575095,-2.22341994005596
B_NOAOCS,13.599999999999968,-1.882849818017026,-4.722888808087754,-2.1403686855599915
B_NOAOCS,13.699999999999967,-1.8158964840267786,-4.73333604145415,-2.0632520264287844
B_NOAOCS,13.799999999999967,-1.731149502376457,-4.731220284558497,-1.9854086980942993
B_NOAOCS,13.899999999999967,-1.6275114978045206,-4.725188216563273,-1.904370796362438
B_NOAOCS,13.999999999999966,-1.5275336810328097,-4.720671454754747,-1.8264175090582757
B_NOAOCS,14.099999999999966,-1.431269056947825,-4.716003806713897,-1.7510524433399333
B_NOAOCS,14.199999999999966,-1.3351015135653943,-4.711447457895319,-1.6803191133747584
B_NOAOCS,14.299999999999965,-1.2139483991309912,-4.704312414440894,-1.6168160175198931
B_NOAOCS,14.399999999999965,-1.0725907344950443,-4.694964436909159,-1.5600213649709347
B_NOAOCS,14.499999999999964,-0.9404040361715986,-4.689952434262262,-1.509701250967812
B_NOAOCS,14.599999999999964,-0.8093265283407922,-4.686020438487779,-1.462197052648416
B_NOAOCS,14.699999999999964,-0.6870982113527618,-4.680991321183675,-1.4179384275541098
B_NOAOCS,14.799999999999963,-0.569047980637835,-4.678416091844388,-1.3756132132802317
B_NOAOCS,14.899999999999963,-0.41278342048225086,-4.680770791545206,-1.3448095135507807
B_NOAOCS,14.999999999999963,-0.24534850911678124,-4.690943794141678,-1.3258415955958252
B_NOAOCS,15.099999999999962,-0.07778972733659395,-4.707558000325356,-1.3132825954295577
B_NOAOCS,15.199999999999962,0.08240986109672466,-4.723011671414815,-1.2966393183979474
B_NOAOCS,15.299999999999962,0.2229598632661316,-4.736416124059596,-1.280463292566984
B_NOAOCS,15.399999999999961,0.33600808258601755,-4.750397116436886,-1.2692834037844247
B_NOAOCS,15.499999999999961,0.42670599931345066,-4.766547046222338,-1.2658999729150406
B_NOAOCS,15.59999999999996,0.5012506496793339,-4.783918359731197,-1.269349441809707
B_NOAOCS,15.69999999999996,0.5593612775622534,-4.802831809551239,-1.280033351511586
B_NOAOCS,15.79999999999996,0.601573736959387,-4.824256073981432,-1.2975433354403
B_NOAOCS,15.89999999999996,0.6269980893350997,-4.847453190464908,-1.321403194403524
B_NOAOCS,15.99999999999996,0.6401598162732227,-4.873115876356661,-1.3484731559391352
B_NOAOCS,16.09999999999996,0.6468120897629643,-4.905016821296357,-1.3806545062825943
B_NOAOCS,16.19999999999996,0.6507186253979045,-4.944625844016917,-1.4192728364484544
B_NOAOCS,16.29999999999996,0.6464031236982895,-4.982528715106604,-1.461906627203835
B_NOAOCS,16.399999999999963,0.6388036051573633,-5.020676261785265,-1.5033945421336328
B_NOAOCS,16.499999999999964,0.6343016094492084,-5.061843540357557,-1.545829772750492
B_NOAOCS,16.599999999999966,0.6295050954900343,-5.107297236815595,-1.588388455355795
B_NOAOCS,16.699999999999967,0.6261619120387023,-5.155733437738805,-1.6310382288873475
B_NOAOCS,16.79999999999997,0.6233713047455745,-5.2042725867009265,-1.6727820216672393
B_NOAOCS,16.89999999999997,0.6270871888948182,-5.252580670894741,-1.7158152268344087
B_NOAOCS,16.99999999999997,0.634553480127094,-5.299253170194349,-1.7605212372445824
B_NOAOCS,17.099999999999973,0.6273942233212315,-5.343711606679146,-1.8050713457124674
B_NOAOCS,17.199999999999974,0.6045175956299664,-5.386845320531315,-1.850250581165962
B_NOAOCS,17.299999999999976,0.5755184334548982,-5.429217619689544,-1.8976242439922828
B_NOAOCS,17.399999999999977,0.5351320661301104,-5.472809901142567,-1.9488425384782122
B_NOAOCS,17.49999999999998,0.477701554648319,-5.514648891442414,-1.997967544117742
B_NOAOCS,17.59999999999998,0.40905151651258564,-5.550345908396499,-2.040586618343704
B_NOAOCS,17.69999999999998,0.3292829499735569,-5.5803333024240676,-2.074765632410334
B_NOAOCS,17.799999999999983,0.23120335070793552,-5.607095693005406,-2.096849360510743
B_NOAOCS,17.899999999999984,0.1285058333445046,-5.6293098996193045,-2.109110014614215
B_NOAOCS,17.999999999999986,0.017702949178790228,-5.647067983762599,-2.1099523854453035
B_NOAOCS,18.099999999999987,-0.09123710202804819,-5.661867430433454,-2.10786635765659
B_NOAOCS,18.19999999999999,-0.19590332344695183,-5.677952878796827,-2.109358624927555
B_NOAOCS,18.29999999999999,-0.25856854370636295,-5.688978540981834,-2.107845216252149
B_NOAOCS,18.39999999999999,-0.29152571728792,-5.696474126592208,-2.108342097666632
B_NOAOCS,18.499999999999993,-0.32868042810880144,-5.702941418907378,-2.109548041776738
B_NOAOCS,18.599999999999994,-0.3657383011348315,-5.70511113240079,-2.1140355861918914
B_NOAOCS,18.699999999999996,-0.3900337736291061,-5.707071414590104,-2.119146798241328
B_NOAOCS,18.799999999999997,-0.4172197398908589,-5.712007354759993,-2.1217029557891136
B_NOAOCS,18.9,-0.45449871354049887,-5.714968736378258,-2.123569443563499
B_NOAOCS,19.0,-0.49687509400330043,-5.716351484347933,-2.127110574894088
B_NOAOCS,19.1,-0.5393900553336574,-5.717102941396763,-2.1340672037022577
B_NOAOCS,19.200000000000003,-0.5830753513868324,-5.715971313436801,-2.143746048700605
B_NOAOCS,19.300000000000004,-0.6291192163147856,-5.712640029176059,-2.154921536647445
B_NOAOCS,19.400000000000006,-0.67080177948908,-5.7065049015700415,-2.1670518641657286
B_NOAOCS,19.500000000000007,-0.7032561805092626,-5.696709347792719,-2.179995922888898
B_NOAOCS,19.60000000000001,-0.7214690144907517,-5.682782823542765,-2.1922245754845164
B_NOAOCS,19.70000000000001,-0.7214341014176611,-5.6681961600080575,-2.19985258849675
B_NOAOCS,19.80000000000001,-0.710812839083151,-5.6597053506667,-2.203958087470105
B_NOAOCS,19.900000000000013,-0.7050806457979768,-5.650145638368297,-2.206305728464746
B_NOAOCS,20.000000000000014,-0.7157996134893834,-5.641048464668658,-2.2058701199109745
B_NOAOCS,20.100000000000016,-0.7328122914733602,-5.639312755773744,-2.202327942057754
B_NOAOCS,20.200000000000017,-0.7625221877770151,-5.6445519442599466,-2.1998359465147628
B_NOAOCS,20.30000000000002,-0.8225587365410363,-5.665390377613848,-2.193144916410167
B_NOAOCS,20.40000000000002,-0.8913161424189158,-5.7005953459192344,-2.1799800308611372
B_NOAOCS,20.50000000000002,-0.965138983905656,-5.741376143908458,-2.164027438712629
B_NOAOCS,20.600000000000023,-1.0496646089012325,-5.7817624215094465,-2.150696222585025
B_NOAOCS,20.700000000000024,-1.1425365635833353,-5.81946314901507,-2.1415105238431487
B_NOAOCS,20.800000000000026,-1.2494438384920963,-5.862531080344501,-2.1293055146820232
B_NOAOCS,20.900000000000027,-1.3586788560551577,-5.912996305825583,-2.1120660911339364
B_NOAOCS,21.00000000000003,-1.4799804029694505,-5.972444634465059,-2.094017627287483
B_NOAOCS,21.10000000000003,-1.6206522735029434,-6.040828072242452,-2.0756773595908196
B_NOAOCS,21.20000000000003,-1.7736691600636574,-6.11629015097317,-2.0558131806040745
B_NOAOCS,21.300000000000033,-1.9388113315715954,-6.197156539863626,-2.036205193158194
B_NOAOCS,21.400000000000034,-2.118168656394717,-6.283000983594861,-2.0151301211538666
B_NOAOCS,21.500000000000036,-2.3111320440315186,-6.37456517372605,-1.9921076824862052
B_NOAOCS,21.600000000000037,-2.516879333737954,-6.4711300486894086,-1.9678621872881918
B_NOAOCS,21.70000000000004,-2.7331093261280666,-6.571602475728422,-1.9412210929393225
B_NOAOCS,21.80000000000004,-2.9178793945750825,-6.672006424279603,-1.9027743267618402
B_NOAOCS,21.90000000000004,-3.0285389166394663,-6.752255784486953,-1.8568501003350009
B_NOAOCS,22.000000000000043,-3.0636976756246668,-6.791899831418867,-1.8157508435847802
B_NOAOCS,22.100000000000044,-3.074549409136865,-6.79976600998654,-1.7803213146171717
B_NOAOCS,22.200000000000045,-3.0811780696366227,-6.791217705941969,-1.7476298766812541
B_NOAOCS,22.300000000000047,-3.0909433348285416,-6.767430498959896,-1.7174325541098492
B_NOAOCS,22.40000000000005,-3.1112915025282306,-6.733371785745006,-1.6889674322647705
B_NOAOCS,22.50000000000005,-3.1447772292091276,-6.692620804897782,-1.662511668334536
B_NOAOCS,22.60000000000005,-3.189062439566829,-6.645445179932112,-1.6393759222984676
B_NOAOCS,22.700000000000053,-3.2446185352007566,-6.5921346729888555,-1.618389003970064
B_NOAOCS,22.800000000000054,-3.305401405135529,-6.538418637063696,-1.5965142390012028
B_NOAOCS,22.900000000000055,-3.3679506261709875,-6.49521786175856,-1.5723528672852232
B_NOAOCS,23.000000000000057,-3.434126424511817,-6.467197492296844,-1.545979136593922
B_NOAOCS,23.10000000000006,-3.513841079128161,-6.45369688070505,-1.5236598235466046
B_NOAOCS,23.20000000000006,-3.618569212082173,-6.446348912880913,-1.5082786832875046
B_NOAOCS,23.30000000000006,-3.746708923908959,-6.441376338452948,-1.495616948347772
B_NOAOCS,23.400000000000063,-3.8746784242903467,-6.435232224706268,-1.482623072028709
B_NOAOCS,23.500000000000064,-3.9991784280623826,-6.4289912151385495,-1.4719282205682829
B_NOAOCS,23.600000000000065,-4.122823926796411,-6.422222782790857,-1.4624824095304958
B_NOAOCS,23.700000000000067,-4.245289729317121,-6.414688693283002,-1.4539758690632585
B_NOAOCS,23.800000000000068,-4.365957670004072,-6.406337083040431,-1.445947936526525
B_NOAOCS,23.90000000000007,-4.483844313855718,-6.396964787965142,-1.4380914612729123
B_NOAOCS,24.00000000000007,-4.599171228413762,-6.385827874851277,-1.4299120232145501
B_NOAOCS,24.100000000000072,-4.7146802837469375,-6.3724557837872515,-1.4195249234486202
B_NOAOCS,24.200000000000074,-4.8292783510834125,-6.359118362103993,-1.4090190366848878
B_NOAOCS,24.300000000000075,-4.9393260893486115,-6.345595397541634,-1.3993368793648164
B_NOAOCS,24.400000000000077,-5.045434027475051,-6.331464355089597,-1.3891716618244212
B_NOAOCS,24.500000000000078,-5.148617575316003,-6.317016127030716,-1.3782928139857593
B_NOAOCS,24.60000000000008,-5.239816967849444,-6.302516953967162,-1.3606489060675888
B_NOAOCS,24.70000000000008,-5.310627981524922,-6.291819335142687,-1.3423853495478455
B_NOAOCS,24.800000000000082,-5.371269691027165,-6.276107081682327,-1.3188123164366483
B_NOAOCS,24.900000000000084,-5.453513554877615,-6.26017652375165,-1.2992972974938821
B_NOAOCS,25.000000000000085,-5.553409766905495,-6.2429309338789825,-1.2820368992036295
B_NOAOCS,25.100000000000087,-5.660622880414924,-6.220060186229637,-1.2622308877594777
B_NOAOCS,25.200000000000088,-5.7755893784508165,-6.192431575791581,-1.2396323892127477
B_NOAOCS,25.30000000000009,-5.902725578431793,-6.1665508433099845,-1.2211138788321825
B_NOAOCS,25.40000000000009,-6.024757671725022,-6.149856213129462,-1.2071080813087938
B_NOAOCS,25.500000000000092,-6.115000094541186,-6.139735392749307,-1.1830495065023507
B_NOAOCS,25.600000000000094,-6.1842839980221775,-6.12705250215745,-1.143085739154336
B_NOAOCS,25.700000000000095,-6.24418398848476,-6.113380542982514,-1.09473283541146
B_NOAOCS,25.800000000000097,-6.287910740334289,-6.105869245306121,-1.051882375171414
B_NOAOCS,25.900000000000098,-6.322245440337027,-6.102519063948473,-1.0171905992423307
B_NOAOCS,26.0000000000001,-6.3527756479387945,-6.101046097727256,-0.9855086785700397
B_NOAOCS,26.1000000000001,-6.385503777285899,-6.096318741133298,-0.9574270333915197
B_NOAOCS,26.200000000000102,-6.421353708738948,-6.088970000771746,-0.9336635011014564
B_NOAOCS,26.300000000000104,-6.456744040339352,-6.081884936354522,-0.9110739807275126
B_NOAOCS,26.400000000000105,-6.497526155324582,-6.0748203493000466,-0.8920263420098289
B_NOAOCS,26.500000000000107,-6.541765202899375,-6.065825073197149,-0.8764681773002633
B_NOAOCS,26.600000000000108,-6.595869488921154,-6.056234209327304,-0.8630991583151818
B_NOAOCS,26.70000000000011,-6.64064537000978,-6.050268784549918,-0.8538997594823665
B_NOAOCS,26.80000000000011,-6.694948138862288,-6.0383586693104645,-0.8418012012279937
B_NOAOCS,26.900000000000112,-6.745872299424057,-6.030511911259107,-0.8323451766396721
B_NOAOCS,27.000000000000114,-6.791700744792657,-6.021039031743642,-0.8234890306034962
B_NOAOCS,27.100000000000115,-6.83993335801436,-6.013206280609578,-0.8151770075261792
B_NOAOCS,27.200000000000117,-6.8839063370437925,-6.0048156180115235,-0.8068564825610485
B_NOAOCS,27.300000000000118,-6.92857022974897,-5.995789576074922,-0.7993756766718789
B_NOAOCS,27.40000000000012,-6.972805448681829,-5.986290624168261,-0.7918538732648136
B_NOAOCS,27.50000000000012,-7.018506227528123,-5.975776729490321,-0.7813303273224048
B_NOAOCS,27.600000000000122,-7.060841545872368,-5.964783566838574,-0.7674910518344874
B_NOAOCS,27.700000000000124,-7.108524543318969,-5.952086547425547,-0.7387618992033308
B_NOAOCS,27.800000000000125,-7.15737530434623,-5.942471963803299,-0.7131179006649793
B_NOAOCS,27.900000000000126,-7.211779398613794,-5.930630062151652,-0.6795308444020832
B_NOAOCS,28.000000000000128,-7.272951133238917,-5.920547229574878,-0.631601506453638
B_NOAOCS,28.10000000000013,-7.3436488619926745,-5.911245102116142,-0.5826985830284532
B_NOAOCS,28.20000000000013,-7.412395160791271,-5.906906141780105,-0.5309581551777379
B_NOAOCS,28.300000000000132,-7.467788882412394,-5.909055848201152,-0.47773826523640717
B_NOAOCS,28.400000000000134,-7.513016127345741,-5.914815668016486,-0.4230298869750283
B_NOAOCS,28.500000000000135,-7.563619650595367,-5.913923178906233,-0.36879218389177504
B_NOAOCS,28.600000000000136,-7.62469457568575,-5.90583602744303,-0.3142905148609239
B_NOAOCS,28.700000000000138,-7.69315318681502,-5.891578472157779,-0.25998661746570473
B_NOAOCS,28.80000000000014,-7.763804395177463,-5.876678569712043,-0.20489839443139446
B_NOAOCS,28.90000000000014,-7.821360175676433,-5.86665891492833,-0.15335908163746287
B_NOAOCS,29.000000000000142,-7.86401095546223,-5.855846201875031,-0.11533276424847308
B_NOAOCS,29.100000000000144,-7.90823655577578,-5.847161156294372,-0.07470009507502287
B_NOAOCS,29.200000000000145,-7.955958946706804,-5.8466409258624275,-0.02820805487235367
B_NOAOCS,29.300000000000146,-7.998160316422111,-5.8491860482902664,0.01745365588969489
B_NOAOCS,29.400000000000148,-8.04958153869093,-5.842885515670067,0.06521925903908615
B_NOAOCS,29.50000000000015,-8.110662381036441,-5.82379818773473,0.11666008512804081
B_NOAOCS,29.60000000000015,-8.177127126826122,-5.795535744869122,0.16722606631999837
B_NOAOCS,29.700000000000152,-8.237185852868354,-5.766805026798851,0.21064602180498698
B_NOAOCS,29.800000000000153,-8.281299527012584,-5.742297321801301,0.24785654963139142
B_NOAOCS,29.900000000000155,-8.330910649925436,-5.738988313349169,0.28377872835261725
B_NOAOCS,30.000000000000156,-8.360678388842775,-5.7540851715783825,0.3043793773511051
B_NOAOCS,30.100000000000158,-8.36065156011011,-5.762994629702336,0.31191026487615375
B_NOAOCS,30.20000000000016,-8.359925136495864,-5.756660117902602,0.3250833402542903
B_NOAOCS,30.30000000000016,-8.3658956649294,-5.740757267084174,0.3476545714526408
B_NOAOCS,30.400000000000162,-8.369837932900191,-5.726068694526264,0.3702001171885854
B_NOAOCS,30.500000000000163,-8.363464049876798,-5.717291328716823,0.3860571089291582
B_NOAOCS,30.600000000000165,-8.343795491714458,-5.712171671177716,0.3933955206176814
B_NOAOCS,30.700000000000166,-8.31419994186598,-5.707962299822223,0.3921949034769772
B_NOAOCS,30.800000000000168,-8.276573871186084,-5.704651190127941,0.38175550774142786
B_NOAOCS,30.90000000000017,-8.22842804514342,-5.698656741068129,0.3584604020886819
B_NOAOCS,31.00000000000017,-8.185559592165257,-5.689164604147434,0.33232993770001557
B_NOAOCS,31.100000000000172,-8.168194489735848,-5.675707387279762,0.3197759853535162
B_NOAOCS,31.200000000000173,-8.17371317712945,-5.661332887519847,0.3218654982208059
B_NOAOCS,31.300000000000175,-8.196338867694703,-5.656295713361674,0.3381941629999802
B_NOAOCS,31.400000000000176,-8.21615912560092,-5.656692028357982,0.352850007405898
B_NOAOCS,31.500000000000178,-8.22748278590247,-5.654553761057175,0.36610733856912214
B_NOAOCS,31.60000000000018,-8.2384989689035,-5.650920886123727,0.3809621205104715
B_NOAOCS,31.70000000000018,-8.251676887792222,-5.647262100109317,0.39704739904631625
B_NOAOCS,31.800000000000182,-8.265359070463862,-5.644200284793073,0.4128506000812758
B_NOAOCS,31.900000000000183,-8.278395179076632,-5.6418249185117855,0.4275894301656295
B_NOAOCS,32.000000000000185,-8.290804311930406,-5.639960601547761,0.44134199954730485
B_NOAOCS,32.100000000000186,-8.302606239460275,-5.638368673608209,0.4543111748894235
B_NOAOCS,32.20000000000019,-8.313645428797845,-5.636921059636013,0.46653678426351936
B_NOAOCS,32.30000000000019,-8.323927721670186,-5.635480741693649,0.4781136797830199
B_NOAOCS,32.40000000000019,-8.333798121908629,-5.6341294892542,0.48933978883090523
B_NOAOCS,32.50000000000019,-8.343251637730503,-5.632897675309326,0.500233226792351
B_NOAOCS,32.60000000000019,-8.352264179668445,-5.631775625217049,0.5108111877732999
B_NOAOCS,32.700000000000195,-8.360893608811036,-5.630734218315192,0.521135354844009
B_NOAOCS,32.800000000000196,-8.369215944638952,-5.629746027181479,0.5312692968926704
B_NOAOCS,32.9000000000002,-8.3773042293701,-5.628799610614711,0.541264466097318
B_NOAOCS,33.0000000000002,-8.385219663520687,-5.627887168897242,0.5511599793364291
B_NOAOCS,33.1000000000002,-8.393017691316352,-5.626997462404554,0.5609919699678916
B_NOAOCS,33.2000000000002,-8.40077711711643,-5.626140974936459,0.5708157192742697
B_NOAOCS,33.3000000000002,-8.408600143916969,-5.62535201440354,0.5807080877857724
B_NOAOCS,33.400000000000205,-8.4164810371541,-5.624584816661183,0.5906540535071358
B_NOAOCS,33.500000000000206,-8.424371388815523,-5.623762582470465,0.6006735109538686
B_NOAOCS,33.60000000000021,-8.432083063610744,-5.62273522055081,0.6106236418675405
B_NOAOCS,33.70000000000021,-8.43988546731895,-5.621611577273535,0.6207329849627402
B_NOAOCS,33.80000000000021,-8.44778012073316,-5.620141683562544,0.6308930944735449
B_NOAOCS,33.90000000000021,-8.455985615822359,-5.618714724104786,0.6411998267547107
B_NOAOCS,34.00000000000021,-8.464080929992742,-5.617212717481102,0.6513522066360143
B_NOAOCS,34.100000000000215,-8.471903920053748,-5.6156219918676555,0.6612968288728399
B_NOAOCS,34.200000000000216,-8.479588302655827,-5.613943769642193,0.6710345200039103
B_NOAOCS,34.30000000000022,-8.487471332333225,-5.612233404879542,0.6807065203299398
B_NOAOCS,34.40000000000022,-8.49501677634085,-5.610213374910187,0.6902567576593084
B_NOAOCS,34.50000000000022,-8.502538195021533,-5.608112677628942,0.699692249116325
B_NOAOCS,34.60000000000022,-8.51029692883039,-5.606213337410372,0.7091282480304362
B_NOAOCS,34.70000000000022,-8.51824856402457,-5.60469398062771,0.7185223801104682
B_NOAOCS,34.800000000000225,-8.525695212680485,-5.602883627902169,0.7274857395995603
B_NOAOCS,34.900000000000226,-8.53307371013785,-5.600644703234056,0.7367839075134962
B_NOAOCS,35.00000000000023,-8.540744044343707,-5.598430721087333,0.7462136059492825
B_NOAOCS,35.10000000000023,-8.548663247082102,-5.596573451096337,0.755411413448526
B_NOAOCS,35.20000000000023,-8.556227450599508,-5.59461586938657,0.7645615979175143
B_NOAOCS,35.30000000000023,-8.564050768007963,-5.592903235504992,0.7737684407842246
B_NOAOCS,35.40000000000023,-8.572044634017686,-5.591298601611139,0.783036253812751
B_NOAOCS,35.500000000000234,-8.579668512060547,-5.589399116598926,0.7922103823896806
B_NOAOCS,35.600000000000236,-8.587443257226152,-5.587386088770511,0.8015824394597466
B_NOAOCS,35.70000000000024,-8.59585948725761,-5.585610057045814,0.8111952609991422
B_NOAOCS,35.80000000000024,-8.603971768191585,-5.583468395501641,0.8207575896129072
B_NOAOCS,35.90000000000024,-8.612506067561927,-5.581274129035405,0.8307737874259667
B_NOAOCS,36.00000000000024,-8.62170176251275,-5.579232349867704,0.8411421505267276
B_NOAOCS,36.10000000000024,-8.63108712573315,-5.577220306494449,0.8516453839846643
B_NOAOCS,36.200000000000244,-8.64028639859172,-5.575084742133575,0.8621273817431858
B_NOAOCS,36.300000000000246,-8.6494772453248,-5.57289679339188,0.8726708852055561
B_NOAOCS,36.40000000000025,-8.658683935966849,-5.570650913900316,0.8832437588092631
B_NOAOCS,36.50000000000025,-8.66786741807686,-5.56835727230926,0.8937871681689588
B_NOAOCS,36.60000000000025,-8.676929084717514,-5.566034973346718,0.904222597208071
C_AOCS,0.0,0.0004042254724733185,8.991328663388032e-05,0.0006146914767300796
C_AOCS,0.1,0.0008167229681974586,0.00018087203314831601,0.001224436288779572
C_AOCS,0.2,0.0012336335669828058,0.0002719813393843862,0.0018344764762705662
C_AOCS,0.30000000000000004,0.0016446632350154422,0.00036058395302002166,0.00244682926929804
C_AOCS,0.4,0.002060893370161021,0.00045219600492452106,0.003053252729197424
C_AOCS,0.5,0.002470736266295681,0.0005527013721789986,0.00365712304886371
C_AOCS,0.6,0.002895395229040587,0.0006976492860669148,0.0042653493408203735
C_AOCS,0.7,0.0033389586815227856,0.0008684882672680416,0.004901385583387881
C_AOCS,0.7999999999999999,0.0038791465600047648,0.0010930699782125686,0.00549239184998674
C_AOCS,0.8999999999999999,0.004726872883658806,0.0014260356711551236,0.0059292971023321706
C_AOCS,0.9999999999999999,0.0060850854329934645,0.001930365347115659,0.006082477692569144
C_AOCS,1.0999999999999999,0.008468182804952873,0.0027700264051462864,0.005642109394335668
C_AOCS,1.2,0.01243691104822131,0.004126917512947803,0.004255693467024459
C_AOCS,1.3,0.018682661009406742,0.006232732215746883,0.0014273864996152477
C_AOCS,1.4000000000000001,0.027903941492247286,0.009455116209657721,-0.0032539425051865203
C_AOCS,1.5000000000000002,0.04068114140191981,0.014325727206136063,-0.00997607223146809
C_AOCS,1.6000000000000003,0.05700408049489025,0.02116544047007929,-0.01838732959366504
C_AOCS,1.7000000000000004,0.0756949124280929,0.029590776581465472,-0.02743472130904029
C_AOCS,1.8000000000000005,0.09468863330263055,0.0386125193045439,-0.03573637205677205
C_AOCS,1.9000000000000006,0.11168628050795404,0.04833878492789728,-0.04312839189108997
C_AOCS,2.0000000000000004,0.12423156250103828,0.060950183574219996,-0.050247789307864776
C_AOCS,2.1000000000000005,0.12723295744489516,0.07921370864569477,-0.05724353971337823
C_AOCS,2.2000000000000006,0.1109417629509093,0.10466821833013779,-0.062399353204615246
C_AOCS,2.3000000000000007,0.06348828928723649,0.13302599996772002,-0.06104986829342755
C_AOCS,2.400000000000001,-0.004718882639857536,0.15483824250612926,-0.05308222339644976
C_AOCS,2.500000000000001,-0.0661469047107689,0.15929179716890762,-0.04692822773150654
C_AOCS,2.600000000000001,-0.10819063737727835,0.1448777008712533,-0.04780214315495003
C_AOCS,2.700000000000001,-0.14768164704983794,0.12034801281028995,-0.049611986777593556
C_AOCS,2.800000000000001,-0.1942725897354618,0.09211073994063668,-0.04748415839242506
C_AOCS,2.9000000000000012,-0.2441082776444256,0.06278994277160499,-0.04410435236376062
C_AOCS,3.0000000000000013,-0.295357709445086,0.03683180833214572,-0.040322072208703236
C_AOCS,3.1000000000000014,-0.3489975190018726,0.01779728212402315,-0.03591175715562406
C_AOCS,3.2000000000000015,-0.40929332395266604,0.006591188205856413,-0.030229546801208623
C_AOCS,3.3000000000000016,-0.4909466055988932,-0.0020299079060423497,-0.02140532892273027
C_AOCS,3.4000000000000017,-0.5997320576872812,-0.00850610834228277,-0.00856534774602058
C_AOCS,3.5000000000000018,-0.7014580875942404,-0.007131082285422974,0.002512968133389401
C_AOCS,3.600000000000002,-0.763169754604551,0.002701920160904092,0.00011729342570723778
C_AOCS,3.700000000000002,-0.8156754040293515,0.010554462196840086,-0.006525382836697485
C_AOCS,3.800000000000002,-0.8829707399416817,0.0140950129802358,-0.010563489792301366
C_AOCS,3.900000000000002,-0.9688539010323745,0.01052883170776997,-0.013197591172353605
C_AOCS,4.000000000000002,-1.068080626995272,-0.0013042713915393245,-0.016167879120730616
C_AOCS,4.100000000000001,-1.178257864080582,-0.022566735831954843,-0.020153075574719015
C_AOCS,4.200000000000001,-1.298205344713398,-0.05347747266352043,-0.025707621535907416
C_AOCS,4.300000000000001,-1.4265646790938313,-0.0938045547718333,-0.03372914860218072
C_AOCS,4.4,-1.5636604256025182,-0.1427606241541825,-0.04462417105512771
C_AOCS,4.5,-1.7092167683927524,-0.19969480952540059,-0.058435713923119983
C_AOCS,4.6,-1.8629417818710257,-0.2640236373754567,-0.07535516726323171
C_AOCS,4.699999999999999,-2.0289773452270774,-0.33604544268411946,-0.0954662016092514
C_AOCS,4.799999999999999,-2.213176599171377,-0.41545789098061,-0.1179296852598033
C_AOCS,4.899999999999999,-2.413671503339753,-0.4967077565206625,-0.14146907404528233
C_AOCS,4.999999999999998,-2.6447692220792405,-0.5803551242798377,-0.1627817807837698
C_AOCS,5.099999999999998,-2.9130954828393336,-0.6669792874637661,-0.17899028566486844
C_AOCS,5.1999999999999975,-3.2255824513186475,-0.7569419096136696,-0.18499261817511778
C_AOCS,5.299999999999997,-3.581045932923889,-0.8489267285212663,-0.17567544795125367
C_AOCS,5.399999999999997,-3.965226960666393,-0.942235764087102,-0.1522563181820266
C_AOCS,5.4999999999999964,-4.279819295215413,-1.026884813186198,-0.14118000231565786
C_AOCS,5.599999999999996,-4.46239602161133,-1.0887699179765005,-0.15455289485147858
C_AOCS,5.699999999999996,-4.5681000270114005,-1.1357570419502663,-0.18514353119786714
C_AOCS,5.799999999999995,-4.643222240017182,-1.179791771802336,-0.2254832177562454
C_AOCS,5.899999999999995,-4.66565393087553,-1.21491821496617,-0.2785831042538433
C_AOCS,5.999999999999995,-4.630900796892413,-1.237850317138463,-0.34666042496835864
C_AOCS,6.099999999999994,-4.556135720156805,-1.251022396701825,-0.42619122214371286
C_AOCS,6.199999999999994,-4.462958283654051,-1.2598134915037869,-0.5131718139293463
C_AOCS,6.299999999999994,-4.3668807426965515,-1.2712629224036902,-0.6025633439592628
C_AOCS,6.399999999999993,-4.280172559805905,-1.2869390759674504,-0.6895450924398348
C_AOCS,6.499999999999993,-4.201892821961238,-1.3063125461283558,-0.7746870751096276
C_AOCS,6.5999999999999925,-4.129855894677283,-1.331844004084735,-0.8619526439818813
C_AOCS,6.699999999999992,-4.060919191814033,-1.3678734819342964,-0.9568282176662138
C_AOCS,6.799999999999992,-3.9934042791340967,-1.4131054019683287,-1.0576167730070751
C_AOCS,6.8999999999999915,-3.9149508634257413,-1.445273407752043,-1.15163540285032
C_AOCS,6.999999999999991,-3.811597820038792,-1.4213389376671886,-1.2145442713137444
C_AOCS,7.099999999999991,-3.7083636206309136,-1.3624474719282405,-1.2398814925727053
C_AOCS,7.19999999999999,-3.618966843324642,-1.306277840411303,-1.246778019601813
C_AOCS,7.29999999999999,-3.5425808735053934,-1.2610916423962983,-1.2446237925230306
C_AOCS,7.39999999999999,-3.4768259984324192,-1.222786906396378,-1.2339202744713726
C_AOCS,7.499999999999989,-3.4197948715552617,-1.1919189631338831,-1.217094560161319
C_AOCS,7.599999999999989,-3.369383522742529,-1.165674891098135,-1.1966408530229873
C_AOCS,7.699999999999989,-3.3213711699955493,-1.1412588678679363,-1.173401539854738
C_AOCS,7.799999999999988,-3.274606149371524,-1.1265650241985112,-1.1507611675701122
C_AOCS,7.899999999999988,-3.2387639531997006,-1.113749985891703,-1.1194110375932733
C_AOCS,7.999999999999988,-3.2126253113830594,-1.0933739170253567,-1.075566604241811
C_AOCS,8.099999999999987,-3.179508530278929,-1.0683916076446451,-1.0338021849853591
C_AOCS,8.199999999999987,-3.1215391193813877,-1.0353262825987077,-1.002600878151585
C_AOCS,8.299999999999986,-3.040189668407717,-0.9986436897944937,-0.9849598252899417
C_AOCS,8.399999999999986,-2.9773541918122532,-0.9704928679864473,-0.9860905898977964
C_AOCS,8.499999999999986,-2.907840200332286,-0.9398878436346068,-0.9852745250957723
C_AOCS,8.599999999999985,-2.825726519310281,-0.9063352164034997,-0.9832571013088028
C_AOCS,8.699999999999985,-2.7342273846693415,-0.8717491476883317,-0.9802780527058156
C_AOCS,8.799999999999985,-2.6436305026684663,-0.8385559883067275,-0.9765549761523785
C_AOCS,8.899999999999984,-2.5589029884741428,-0.8070268920198052,-0.9713766010231958
C_AOCS,8.999999999999984,-2.4771335186715344,-0.7766571403154268,-0.9657938250241825
C_AOCS,9.099999999999984,-2.4142897934902736,-0.7554528451650473,-0.9603393091058704
C_AOCS,9.199999999999983,-2.3901495173202223,-0.7573649845336738,-0.9532439572597946
C_AOCS,9.299999999999983,-2.3692401567553514,-0.7686495027472566,-0.9462957480722737
C_AOCS,9.399999999999983,-2.339539711743793,-0.7795893565946377,-0.938476993588676
C_AOCS,9.499999999999982,-2.3018599233948844,-0.786985496193146,-0.9300991707209172
C_AOCS,9.599999999999982,-2.261600800773831,-0.7920097243793096,-0.9213759530741612
C_AOCS,9.699999999999982,-2.229436827699849,-0.8009298089449497,-0.9114756272681294
C_AOCS,9.799999999999981,-2.2052828880059945,-0.8132803652322651,-0.9010834014516055
C_AOCS,9.89999999999998,-2.18233619174173,-0.8261811758073223,-0.8906171581250535
C_AOCS,9.99999999999998,-2.15119061046832,-0.8387321167776132,-0.8807712357455261
C_AOCS,10.09999999999998,-2.112784283934171,-0.8522395023991696,-0.8711629559185453
C_AOCS,10.19999999999998,-2.080867626379945,-0.8722824700475598,-0.8619413674783771
C_AOCS,10.29999999999998,-2.0681237820748377,-0.9013437891447948,-0.8511719818492713
C_AOCS,10.399999999999979,-2.0655331057031963,-0.9367302881598407,-0.8393032685753141
C_AOCS,10.499999999999979,-2.056454533451942,-0.9749862052778002,-0.8271060186653757
C_AOCS,10.599999999999978,-2.052339663759069,-1.0126412221029861,-0.814598273414277
C_AOCS,10.699999999999978,-2.0673649086636092,-1.0481529274384922,-0.7994574054589443
C_AOCS,10.799999999999978,-2.107386572194307,-1.0879084457968318,-0.7822404656953126
C_AOCS,10.899999999999977,-2.206252895929409,-1.1446846360703968,-0.7581476725299344
C_AOCS,10.999999999999977,-2.349414189888234,-1.2167653498291207,-0.7277303792865664
C_AOCS,11.099999999999977,-2.5022784320489677,-1.2780795675426317,-0.6987547787470431
C_AOCS,11.199999999999976,-2.6808923244772913,-1.3177756493230761,-0.6632949261574215
C_AOCS,11.299999999999976,-2.8780519933865536,-1.3420684384182742,-0.6250523472013665
C_AOCS,11.399999999999975,-3.083448911533757,-1.3551241144964181,-0.5843830356970464
C_AOCS,11.499999999999975,-3.289004698704089,-1.3614924010231562,-0.5419526914081507
C_AOCS,11.599999999999975,-3.4709539584368305,-1.3645776492599786,-0.5017800579742864
C_AOCS,11.699999999999974,-3.6052533532306743,-1.3610044633036327,-0.4660269135990337
C_AOCS,11.799999999999974,-3.7149511070851124,-1.3532058436222172,-0.43210599528130245
C_AOCS,11.899999999999974,-3.8318077933912997,-1.3444397268229007,-0.39638359521315647
C_AOCS,11.999999999999973,-3.935879536062871,-1.3210830956454231,-0.35645590577013914
C_AOCS,12.099999999999973,-4.031751166209731,-1.2843955170412245,-0.3125311077345053
C_AOCS,12.199999999999973,-4.104144557806984,-1.2298200098564729,-0.2633811189470055
C_AOCS,12.299999999999972,-4.170628635172077,-1.1653679616766184,-0.2105579101700356
C_AOCS,12.399999999999972,-4.2322943975173075,-1.0904963154336642,-0.15403672263526536
C_AOCS,12.499999999999972,-4.305235178651489,-1.0189562828354428,-0.09984330960858587
C_AOCS,12.599999999999971,-4.380069635193218,-0.9414772755421974,-0.04139680077854209
C_AOCS,12.69999999999997,-4.4715515228925025,-0.864153356874336,0.01557135929747297
C_AOCS,12.79999999999997,-4.577512581371384,-0.787236692370135,0.07313685208590137
C_AOCS,12.89999999999997,-4.664448028079813,-0.7085446523318784,0.13191315947486837
C_AOCS,12.99999999999997,-4.72827968494434,-0.6432424262575029,0.1813483868244014
C_AOCS,13.09999999999997,-4.7913927978851225,-0.6007604374048165,0.2130033775343774
C_AOCS,13.199999999999969,-4.866390622314579,-0.559331602476431,0.24005307473043844
C_AOCS,13.299999999999969,-4.94743104536746,-0.5012956824199759,0.27958567325073624
C_AOCS,13.399999999999968,-5.044642880355133,-0.43836854247954177,0.3206580153143933
C_AOCS,13.499999999999968,-5.157167711202033,-0.37970267219834614,0.35328295461005405
C_AOCS,13.599999999999968,-5.27463658348047,-0.3309722681939286,0.3732115758602061
C_AOCS,13.699999999999967,-5.375190493739182,-0.29432687103996663,0.37575073214469623
C_AOCS,13.799999999999967,-5.453002261596135,-0.2623841760627364,0.37297934865843274
C_AOCS,13.899999999999967,-5.504476966292212,-0.2318603226718195,0.36795242598195266
C_AOCS,13.999999999999966,-5.539618668827187,-0.20367379965177984,0.36063992076078194
C_AOCS,14.099999999999966,-5.571470166930893,-0.17790129419084916,0.35294980337194515
C_AOCS,14.199999999999966,-5.59913649909424,-0.1530567790385881,0.34498011046154653
C_AOCS,14.299999999999965,-5.621158355200403,-0.12796481911105811,0.33665757006542535
C_AOCS,14.399999999999965,-5.633249767139253,-0.09914682615065001,0.32886392916149493
C_AOCS,14.499999999999964,-5.6378037285086515,-0.06649041963637287,0.3214774773116199
C_AOCS,14.599999999999964,-5.634665952347777,-0.03280653532801647,0.3162793156853331
C_AOCS,14.699999999999964,-5.621084598659543,-0.003882096276221103,0.3133882172765783
C_AOCS,14.799999999999963,-5.599639705105785,0.020889594422917934,0.31368904972361145
C_AOCS,14.899999999999963,-5.568943807900563,0.04486765672675791,0.3193194586384131
C_AOCS,14.999999999999963,-5.528920517166564,0.0683177468598824,0.33027288384493036
C_AOCS,15.099999999999962,-5.479369802034482,0.09149948523260676,0.3463327455875549
C_AOCS,15.199999999999962,-5.421562602011489,0.11510193778820188,0.36664333344875333
C_AOCS,15.299999999999962,-5.358045971994146,0.14017315234481093,0.3888903279070285
C_AOCS,15.399999999999961,-5.2914397256209345,0.16534607427449816,0.41247182756764816
C_AOCS,15.499999999999961,-5.22555114245657,0.18823984849083547,0.43800119731963755
C_AOCS,15.59999999999996,-5.1548079995518865,0.21175175788604758,0.46892880208259535
C_AOCS,15.69999999999996,-5.073143449203574,0.24364980709123477,0.4934207573036984
C_AOCS,15.79999999999996,-4.98861155276446,0.2803315270629796,0.5078799900614374
C_AOCS,15.89999999999996,-4.907327297115386,0.3152090393919449,0.519960597298263
C_AOCS,15.99999999999996,-4.824565496728947,0.35185033922328607,0.5382084523883577
C_AOCS,16.09999999999996,-4.741178917949228,0.3888249943654789,0.5610922155971925
C_AOCS,16.19999999999996,-4.65791663270421,0.4236758693621188,0.586468229516485
C_AOCS,16.29999999999996,-4.574844587986721,0.453403975844676,0.6030015116233629
C_AOCS,16.399999999999963,-4.508104615773013,0.46812234489304333,0.6007435567425611
C_AOCS,16.499999999999964,-4.443249003817931,0.4765014697532845,0.5852381225264103
C_AOCS,16.599999999999966,-4.371903548026376,0.4885438395411561,0.5759063306967984
C_AOCS,16.699999999999967,-4.2977745900422395,0.5023106347425252,0.5677127456040403
C_AOCS,16.79999999999997,-4.218951850029265,0.5132068192554341,0.5514371039971355
C_AOCS,16.89999999999997,-4.148004300584533,0.5147590297518106,0.5354862361442427
C_AOCS,16.99999999999997,-4.091283193537667,0.50657561792966,0.5212552719766084
C_AOCS,17.099999999999973,-4.051880576894134,0.4858741836151089,0.5084933485351166
C_AOCS,17.199999999999974,-4.0241712175636195,0.4571443049922045,0.49581776818880163
C_AOCS,17.299999999999976,-4.007940988644907,0.42476772355436343,0.48211756792099514
C_AOCS,17.399999999999977,-4.001486422327623,0.38526379945328854,0.46841858706430073
C_AOCS,17.49999999999998,-4.012242232103208,0.332432014371187,0.45476195400170677
C_AOCS,17.59999999999998,-4.040114335059324,0.26186368533262844,0.4443041399376181
C_AOCS,17.69999999999998,-4.082797856828405,0.17375469569808305,0.4437675173232859
C_AOCS,17.799999999999983,-4.128032421045699,0.08093609498199367,0.45677183737931265
C_AOCS,17.899999999999984,-4.168753140931553,-0.012061229260621587,0.47512583632178834
C_AOCS,17.999999999999986,-4.22080920051034,-0.1169711579928639,0.4852742096497343
C_AOCS,18.099999999999987,-4.272691740122022,-0.22124318857880093,0.49843780199503107
C_AOCS,18.19999999999999,-4.31658081180414,-0.32005380641409403,0.5162586834435674
C_AOCS,18.29999999999999,-4.360921471113579,-0.41751758795263233,0.5364543014393495
C_AOCS,18.39999999999999,-4.408956833907389,-0.5152817869104298,0.5571733391718613
C_AOCS,18.499999999999993,-4.457347512202038,-0.6113453586876514,0.5787326632813236
C_AOCS,18.599999999999994,-4.503566716938936,-0.7046819332160159,0.6007396038151983
C_AOCS,18.699999999999996,-4.544163105518701,-0.7928068020848034,0.6232800040486669
C_AOCS,18.799999999999997,-4.57825539872877,-0.8753241157986278,0.6462812709996166
C_AOCS,18.9,-4.602212731687699,-0.9500889170705134,0.669268475897656
C_AOCS,19.0,-4.619622184932774,-1.0208139870309787,0.6925377585104444
C_AOCS,19.1,-4.633210391163017,-1.0882132918707452,0.7162091116155203
C_AOCS,19.200000000000003,-4.635640638585117,-1.14732221779447,0.739191962784672
C_AOCS,19.300000000000004,-4.629921020478873,-1.2001555014240772,0.762021117318645
C_AOCS,19.400000000000006,-4.615687828428663,-1.2461169999438833,0.7846249280414901
C_AOCS,19.500000000000007,-4.594363434603316,-1.2863811395424365,0.8071156240579863
C_AOCS,19.60000000000001,-4.567141637646683,-1.321273364624344,0.8295747236535845
C_AOCS,19.70000000000001,-4.533927712739175,-1.3508030294415492,0.851789882448112
C_AOCS,19.80000000000001,-4.494532754983797,-1.3750812763954736,0.8737372166905363
C_AOCS,19.900000000000013,-4.450227531923645,-1.3945337053392075,0.8957575889675057
C_AOCS,20.000000000000014,-4.400730769424979,-1.4082035655365839,0.9175296738553774
C_AOCS,20.100000000000016,-4.34717970544289,-1.4174725240128225,0.9391259856836939
C_AOCS,20.200000000000017,-4.293639645504148,-1.4250561150729866,0.9608098004645621
C_AOCS,20.30000000000002,-4.239951599697388,-1.4311682230272895,0.9825664894688901
C_AOCS,20.40000000000002,-4.185875918003891,-1.4362103117903178,1.0044800460373464
C_AOCS,20.50000000000002,-4.1306188074441526,-1.439653898304804,1.0266177300429566
C_AOCS,20.600000000000023,-4.072678132449271,-1.4401360529458722,1.0490381308089094
C_AOCS,20.700000000000024,-4.011560837506231,-1.437128184689534,1.0717333345194278
C_AOCS,20.800000000000026,-3.9476258452147075,-1.4305084130412937,1.0946517482208802
C_AOCS,20.900000000000027,-3.881645759229427,-1.420966463805548,1.1177609521070488
C_AOCS,21.00000000000003,-3.8166953185300754,-1.41359679808026,1.1409303279023226
C_AOCS,21.10000000000003,-3.7561526200143747,-1.4098550381847257,1.16487647787259
C_AOCS,21.20000000000003,-3.6955924337960804,-1.4069541632715037,1.1891811455475603
C_AOCS,21.300000000000033,-3.6358058239758533,-1.4047603905187562,1.21340719883549
C_AOCS,21.400000000000034,-3.5798550756333896,-1.403624231872109,1.2375837395508813
C_AOCS,21.500000000000036,-3.526701626372328,-1.4034084372728928,1.2618111327299841
C_AOCS,21.600000000000037,-3.472828737964158,-1.4032406156570656,1.285906452509594
C_AOCS,21.70000000000004,-3.416997312016,-1.402821976654275,1.3099894299859396
C_AOCS,21.80000000000004,-3.3580646777235508,-1.401769708364373,1.3344499700100014
C_AOCS,21.90000000000004,-3.2988350801350363,-1.401125589136754,1.3587909248739685
C_AOCS,22.000000000000043,-3.2400652125527953,-1.4020643465265161,1.3825785977776066
C_AOCS,22.100000000000044,-3.180663026570085,-1.403613671768391,1.4058267152416772
C_AOCS,22.200000000000045,-3.1207649982788386,-1.4050868454575247,1.428874806617051
C_AOCS,22.300000000000047,-3.0610490568976862,-1.4061588860594427,1.4504924042151401
C_AOCS,22.40000000000005,-3.001380471797481,-1.4063532458147197,1.4698873492469078
C_AOCS,22.50000000000005,-2.9412670138007626,-1.40592519388991,1.488229441756236
C_AOCS,22.60000000000005,-2.880756356336772,-1.4053645614004044,1.5063089255315543
C_AOCS,22.700000000000053,-2.820161197656162,-1.404818945248283,1.524449192841654
C_AOCS,22.800000000000054,-2.7587142504862374,-1.4038105495516668,1.542463435704032
C_AOCS,22.900000000000055,-2.6960799489061253,-1.4021112535394133,1.5599589551768163
C_AOCS,23.000000000000057,-2.6336011633717793,-1.4020890360293474,1.578397020077655
C_AOCS,23.10000000000006,-2.5710130454283284,-1.4031785894421067,1.5974322192299928
C_AOCS,23.20000000000006,-2.5131637817048667,-1.406972966284422,1.6155496324879004
C_AOCS,23.30000000000006,-2.457503617187426,-1.4103884132619617,1.6319889276938886
C_AOCS,23.400000000000063,-2.4045857945286393,-1.4135801094502485,1.6463643777282333
C_AOCS,23.500000000000064,-2.3536267383097966,-1.4161151509603809,1.6582837537935062
C_AOCS,23.600000000000065,-2.3044052971370257,-1.417745861185918,1.6674596564976754
C_AOCS,23.700000000000067,-2.2574248295118804,-1.4182366089174647,1.6737533379599916
C_AOCS,23.800000000000068,-2.2129287980120464,-1.4173316091333696,1.6772299891944926
C_AOCS,23.90000000000007,-2.1705749450202987,-1.4153117861838613,1.6782741714853464
C_AOCS,24.00000000000007,-2.1298144510204766,-1.4126915952681265,1.6773669520727097
C_AOCS,24.100000000000072,-2.0902468247780903,-1.4098758903957755,1.6752128582641315
C_AOCS,24.200000000000074,-2.051700537489804,-1.407170967156895,1.6725891441993217
C_AOCS,24.300000000000075,-2.0143223517542674,-1.4047970056162078,1.6697447702627612
C_AOCS,24.400000000000077,-1.978159055271756,-1.402832055510872,1.6666574468951008
C_AOCS,24.500000000000078,-1.9430447325500375,-1.4012696358223977,1.6633812146564781
C_AOCS,24.60000000000008,-1.9088217105610268,-1.4000897292446857,1.6600149288718575
C_AOCS,24.70000000000008,-1.8753562265173005,-1.3992651981599997,1.6566325042983219
C_AOCS,24.800000000000082,-1.8425258894241805,-1.398763854188059,1.6532864148616966
C_AOCS,24.900000000000084,-1.810199783676725,-1.398586527004551,1.6501192391617474
C_AOCS,25.000000000000085,-1.7802120708166527,-1.3981614151780788,1.6462924411858393
C_AOCS,25.100000000000087,-1.7575975903646122,-1.395902932556175,1.6393820676924444
C_AOCS,25.200000000000088,-1.7461854535497712,-1.3941354937548809,1.6324630336081811
C_AOCS,25.30000000000009,-1.7409252616994972,-1.3942193471125448,1.6280982800714061
C_AOCS,25.40000000000009,-1.7381992798900199,-1.394850495332488,1.6254027837662819
C_AOCS,25.500000000000092,-1.7478640492272912,-1.3970113984804717,1.6225615321130014
C_AOCS,25.600000000000094,-1.7706823440964066,-1.4019535998078863,1.6209923501811807
C_AOCS,25.700000000000095,-1.8017134980408824,-1.4088121678145493,1.6210201269088005
C_AOCS,25.800000000000097,-1.8286817732007625,-1.4123020018259946,1.6185652534563593
C_AOCS,25.900000000000098,-1.8505685159011802,-1.4122506312080787,1.613434184542641
C_AOCS,26.0000000000001,-1.8674768153833987,-1.4103447663662432,1.6088577152646741
C_AOCS,26.1000000000001,-1.8762138008903897,-1.4069506153269602,1.6051930374793768
C_AOCS,26.200000000000102,-1.8819637603892097,-1.409256566219283,1.5961006918681369
C_AOCS,26.300000000000104,-1.879673966958979,-1.4113914115115498,1.5822809989588071
C_AOCS,26.400000000000105,-1.8801852217746553,-1.4145182931477749,1.568401722002159
C_AOCS,26.500000000000107,-1.8810287491179647,-1.4176352519857875,1.555529757364285
C_AOCS,26.600000000000108,-1.8865554559116442,-1.4241727872727636,1.5453522660447194
C_AOCS,26.70000000000011,-1.8953121433457505,-1.4336325892277544,1.5375689805198034
C_AOCS,26.80000000000011,-1.9049046283902662,-1.444152133234427,1.5318121349825078
C_AOCS,26.900000000000112,-1.9152319106663003,-1.4548207995185183,1.5264692074019215
C_AOCS,27.000000000000114,-1.9244823788496284,-1.4658096254342106,1.5219755172057523
C_AOCS,27.100000000000115,-1.9342211739102289,-1.4773979842595553,1.5164416542101904
C_AOCS,27.200000000000117,-1.946167626712594,-1.4885074701216152,1.5083345088137108
C_AOCS,27.300000000000118,-1.960200572129753,-1.4989278745964099,1.4967084449527537
C_AOCS,27.40000000000012,-1.9760349597036935,-1.5082250672509565,1.479917107385508
C_AOCS,27.50000000000012,-1.9956234778850468,-1.5165161817722046,1.455909269436432
C_AOCS,27.600000000000122,-2.013593316392459,-1.520063304538532,1.425963979684139
C_AOCS,27.700000000000124,-2.028362105451253,-1.5194643816228752,1.396000412565948
C_AOCS,27.800000000000125,-2.0405086552057305,-1.5178524218795395,1.3693682444651336
C_AOCS,27.900000000000126,-2.0466432468596056,-1.5120224366778887,1.342559343187414
C_AOCS,28.000000000000128,-2.0452604285079587,-1.5002620511202596,1.3149361073077142
C_AOCS,28.10000000000013,-2.0358534690288437,-1.482162722627247,1.2864851020997512
C_AOCS,28.20000000000013,-2.0265597751163806,-1.4632460724289273,1.2585794720536478
C_AOCS,28.300000000000132,-2.0233342847878006,-1.4482289190309576,1.2314105967236944
C_AOCS,28.400000000000134,-2.024368170178006,-1.437866096197628,1.2059073080395821
C_AOCS,28.500000000000135,-2.018674857408907,-1.4266921384844309,1.1825540188396904
C_AOCS,28.600000000000136,-2.01143303769556,-1.4174696536969056,1.1613071161498114
C_AOCS,28.700000000000138,-2.007943581435546,-1.411286466395049,1.1395659476585842
C_AOCS,28.80000000000014,-2.015549395648609,-1.4121649349005887,1.1156900210192955
C_AOCS,28.90000000000014,-2.0354812252387733,-1.4219485818811846,1.091346019429119
C_AOCS,29.000000000000142,-2.0610042418200294,-1.4369957866633298,1.0646028666174905
C_AOCS,29.100000000000144,-2.096113562199814,-1.4596924620611533,1.0337685390706137
C_AOCS,29.200000000000145,-2.143618354586006,-1.489699375652621,0.9979009963789666
C_AOCS,29.300000000000146,-2.201923966497826,-1.5279710656262573,0.957689067167366
C_AOCS,29.400000000000148,-2.2707524033882374,-1.5726181269857222,0.9142429576975439
C_AOCS,29.50000000000015,-2.348449447542747,-1.621978803367957,0.8668760011661207
C_AOCS,29.60000000000015,-2.4379347097146873,-1.6761907283429682,0.8124947666103602
C_AOCS,29.700000000000152,-2.5310902724288793,-1.7261213316675827,0.7546955938412321
C_AOCS,29.800000000000153,-2.6291830372048373,-1.7751974416600076,0.689494124641817
C_AOCS,29.900000000000155,-2.737211241602716,-1.8233958749315846,0.6150457126284764
C_AOCS,30.000000000000156,-2.8519427143927163,-1.8677065098480141,0.5337206984176323
C_AOCS,30.100000000000158,-2.9634996346822744,-1.8952290058984191,0.4480077221801762
C_AOCS,30.20000000000016,-3.056128819216047,-1.8935583019139908,0.36066365969660324
C_AOCS,30.30000000000016,-3.143842974944013,-1.877049080723613,0.268944510948464
C_AOCS,30.400000000000162,-3.215373162342815,-1.8622288465279677,0.1861334462932432
C_AOCS,30.500000000000163,-3.273408012178326,-1.8626306881304902,0.10871536181568053
C_AOCS,30.600000000000165,-3.32087378977533,-1.8739890904955914,0.03830948752265919
C_AOCS,30.700000000000166,-3.3526069050665965,-1.8897275280432106,-0.020954207409501838
C_AOCS,30.800000000000168,-3.3665027753929384,-1.907975071237682,-0.06440033448322334
C_AOCS,30.90000000000017,-3.355306681553269,-1.9241934109943633,-0.08854526089377976
C_AOCS,31.00000000000017,-3.3049484407533343,-1.9331072941520242,-0.08693263616349534
C_AOCS,31.100000000000172,-3.220280539126745,-1.9350454350767858,-0.0581917440378224
C_AOCS,31.200000000000173,-3.1109579564303216,-1.9351893043288753,-0.009782491328113305
C_AOCS,31.300000000000175,-2.9841648900267916,-1.9376965530253512,0.05287678192243813
C_AOCS,31.400000000000176,-2.859066454885687,-1.9522967672266014,0.1207575433567803
C_AOCS,31.500000000000178,-2.740367060752445,-1.976904979966628,0.19338972944816465
C_AOCS,31.60000000000018,-2.6153322414160054,-2.0029769348491135,0.275390007210513
C_AOCS,31.70000000000018,-2.4854827064101217,-2.037447477928509,0.36367052157118485
C_AOCS,31.800000000000182,-2.3581788656962503,-2.084237512477301,0.4535638801522606
C_AOCS,31.900000000000183,-2.2334598584726972,-2.1428763613854875,0.5453704657903973
C_AOCS,32.000000000000185,-2.1027935335333487,-2.212890320182498,0.6453555513442321
C_AOCS,32.100000000000186,-1.967090329293968,-2.2922605553135282,0.7481457234730484
C_AOCS,32.20000000000019,-1.836419168114244,-2.3559283115619634,0.8453645174762856
C_AOCS,32.30000000000019,-1.7013482080858382,-2.4014055753398917,0.9414458238932254
C_AOCS,32.40000000000019,-1.5656749654609319,-2.449922622284509,1.035198333357552
C_AOCS,32.50000000000019,-1.4363035880172503,-2.49110854291383,1.1235936829137971
C_AOCS,32.60000000000019,-1.302075973913983,-2.5284707191115094,1.2126235808783363
C_AOCS,32.700000000000195,-1.170123527355401,-2.577914358742396,1.3044323799381075
C_AOCS,32.800000000000196,-1.034612283243532,-2.6353236505586315,1.3998326616498287
C_AOCS,32.9000000000002,-0.8940781411863528,-2.6904625656676435,1.4969808283375219
C_AOCS,33.0000000000002,-0.74953071752968,-2.7509575329755305,1.5958873156446254
C_AOCS,33.1000000000002,-0.6005871067084415,-2.8138503237350805,1.6945511796663646
C_AOCS,33.2000000000002,-0.44689605130931725,-2.870706913139324,1.7927573897647062
C_AOCS,33.3000000000002,-0.2892562372756185,-2.9294856190116842,1.8915681206502213
C_AOCS,33.400000000000205,-0.13184015988212977,-2.99151748764497,1.9927681857403612
C_AOCS,33.500000000000206,0.032550239635808165,-3.0580814110546966,2.0986005773905525
C_AOCS,33.60000000000021,0.1989314543379126,-3.1265260579572405,2.2058444259213217
C_AOCS,33.70000000000021,0.374034994205495,-3.2030187968723083,2.321584354447106
C_AOCS,33.80000000000021,0.5500111315681881,-3.2898432053954334,2.440133427236482
C_AOCS,33.90000000000021,0.7332854683888044,-3.371504015392778,2.5585464699026823
C_AOCS,34.00000000000021,0.9300073671084466,-3.4468454501633095,2.6784971702093765
C_AOCS,34.100000000000215,1.143337546877604,-3.5220205498935693,2.80203896224251
C_AOCS,34.200000000000216,1.3601610885090707,-3.597832339319837,2.927559294535803
C_AOCS,34.30000000000022,1.5872722856765238,-3.6739743791290382,3.057751707720346
C_AOCS,34.40000000000022,1.822203729994146,-3.752020489305273,3.1934006836297772
C_AOCS,34.50000000000022,2.0807648999037482,-3.823395972363589,3.3349441761946768
C_AOCS,34.60000000000022,2.376481163512935,-3.8884997852595267,3.4844532497096115
C_AOCS,34.70000000000022,2.6769079420492434,-3.960984965785235,3.6481106054346335
C_AOCS,34.800000000000225,2.990552456095443,-4.031629225752697,3.818215515083996
C_AOCS,34.900000000000226,3.321863770593751,-4.088298378260619,3.978362839637739
C_AOCS,35.00000000000023,3.672120978445067,-4.13343277562146,4.128223236768632
C_AOCS,35.10000000000023,4.035656359896541,-4.171495442262141,4.267470658473255
C_AOCS,35.20000000000023,4.405606089031173,-4.201697504767684,4.398596347045288
C_AOCS,35.30000000000023,4.767698925936457,-4.233901282349067,4.530636054032798
C_AOCS,35.40000000000023,5.133077575476681,-4.266199035245102,4.663970118976596
C_AOCS,35.500000000000234,5.50024897621487,-4.297033709840512,4.7930027093785155
C_AOCS,35.600000000000236,5.8659362110915065,-4.32534415894835,4.916941776908682
C_AOCS,35.70000000000024,6.229336108043991,-4.353156812306861,5.0393960046197925
C_AOCS,35.80000000000024,6.606462073995759,-4.379998731062596,5.161195388843017
C_AOCS,35.90000000000024,7.023429985846722,-4.401290599832357,5.277497455463284
C_AOCS,36.00000000000024,7.472937046494432,-4.418105835109529,5.389421489606969
C_AOCS,36.10000000000024,7.932614278476703,-4.436487400883818,5.505050825749453
C_AOCS,36.200000000000244,8.398868862679812,-4.457407268771402,5.626086936667596
C_AOCS,36.300000000000246,8.86000370751399,-4.482299655461339,5.757812655274467
C_AOCS,36.40000000000025,9.300469131355548,-4.511880372352952,5.902605890682014
C_AOCS,36.50000000000025,9.729433759326476,-4.5436526913238175,6.055300268762963
C_AOCS,36.60000000000025,10.152495774563956,-4.576623070603941,6.214722812499583
