t,phase,step_idx,mask_ss,theta_s_deg,Hdot_s_x,Hdot_s_y,Hdot_s_z,tau_w_x,tau_w_y,tau_w_z,torso_ref_mode,e_ori_torso_deg,e_pos_torso_x,e_pos_torso_y,e_pos_torso_z,d_ee_to_target,e_ori_ee_deg,swing_arm,stance_a_idx,stance_b_idx,swing_to_idx,gait_phase_idx
0.010000,DS,-1,0,0.000000000,nan,nan,nan,0.000000000,0.000000000,0.000000000,ds_hold,0.000000000,0.000000000,0.000000000,0.000000000,nan,0.000000000,,2,2,-1,0
0.020000,DS,-1,0,0.000000000,nan,nan,nan,0.000000000,0.000000000,0.000000000,ds_hold,0.000000000,-0.000000000,0.000000000,0.000000000,nan,0.000000001,,2,2,-1,0
0.030000,DS,-1,0,0.000000000,nan,nan,nan,0.000000000,0.000000000,0.000000000,ds_hold,0.000000000,-0.000000000,0.000000000,0.000000000,nan,0.000000001,,2,2,-1,0
0.040000,DS,-1,0,0.000000000,nan,nan,nan,0.000000000,0.000000000,0.000000000,ds_hold,0.000000000,-0.000000000,0.000000000,0.000000000,nan,0.000000001,,2,2,-1,0
0.050000,DS,-1,0,0.000000000,nan,nan,nan,0.000000000,0.000000000,0.000000000,ds_hold,0.000000000,-0.000000000,0.000000000,0.000000000,nan,0.000000001,,2,2,-1,0
0.060000,DS,-1,0,0.000000000,nan,nan,nan,0.000000000,0.000000000,0.000000000,ds_hold,0.000000000,-0.000000000,0.000000000,0.000000000,nan,0.000000003,,2,2,-1,0
0.070000,DS,-1,0,0.000000000,nan,nan,nan,0.000000000,0.000000000,0.000000000,ds_hold,0.000000000,-0.000000000,-0.000000000,0.000000000,nan,0.000000010,,2,2,-1,0
0.080000,DS,-1,0,0.000000000,nan,nan,nan,0.000000000,0.000000000,0.000000000,ds_hold,0.000000001,0.000000000,0.000000000,0.000000000,nan,0.000000034,,2,2,-1,0
0.090000,DS,-1,0,0.000000000,nan,nan,nan,0.000000000,0.000000000,0.000000000,ds_hold,0.000000002,-0.000000000,-0.000000000,0.000000000,nan,0.000000121,,2,2,-1,0
0.100000,DS,-1,0,0.000000000,nan,nan,nan,0.000000000,0.000000000,0.000000000,ds_hold,0.000000008,0.000000000,0.000000000,-0.000000000,nan,0.000000420,,2,2,-1,0
0.110000,SS,0,1,0.000126682,0.457021375,-1.444435897,2.471731458,-0.655548563,1.275867154,-1.228201132,planner_track,0.006747189,0.000022672,0.000009380,0.000005809,0.799631173,0.003367807,b,2,2,3,1
0.210000,SS,0,1,0.000758228,0.606291046,-1.411405680,2.709622195,-0.859136881,1.995982197,-2.400393218,planner_track,0.010956943,0.000034556,0.000010865,0.000040722,0.797353611,0.006008711,b,2,2,3,1
0.310000,SS,0,1,0.002145545,0.674196370,-1.224821781,3.346441154,-1.092094709,2.556116369,-3.298616157,planner_track,0.012054662,-0.000040802,-0.000028203,0.000099669,0.791660929,0.009434914,b,2,2,3,1
0.410000,SS,0,1,0.004478131,0.679196560,-0.980452391,3.880488818,-1.257856044,2.964385676,-3.982176266,planner_track,0.011860153,-0.000247900,-0.000115419,0.000175697,0.781407825,0.016627495,b,2,2,3,1
0.510000,SS,0,1,0.007885818,0.609532740,-0.703452242,4.395887449,-1.324497480,3.204418039,-4.491709863,planner_track,0.011178464,-0.000605297,-0.000245004,0.000260305,0.765812207,0.028322933,b,2,2,3,1
0.610000,SS,0,1,0.012434236,0.474404063,-0.420702853,4.830388750,-1.312974962,3.296836294,-4.804381990,planner_track,0.010789346,-0.001111852,-0.000401663,0.000343527,0.744432178,0.043091464,b,2,2,3,1
0.710000,SS,0,1,0.018131563,0.282799312,-0.138252219,4.999968945,-1.234628841,3.255433649,-4.919789707,planner_track,0.010926972,-0.001752071,-0.000564567,0.000415260,0.717136858,0.059169509,b,2,2,3,1
0.810000,SS,0,1,0.024935722,0.042014337,0.112903570,4.999987554,-1.103218274,3.106991098,-4.849334663,planner_track,0.011537712,-0.002499907,-0.000710899,0.000466216,0.684073333,0.075009663,b,2,2,3,1
0.910000,SS,0,1,0.032763396,-0.245933285,0.308357602,4.999990357,-0.930972075,2.874747953,-4.610321975,planner_track,0.012425954,-0.003320654,-0.000818984,0.000489128,0.645631046,0.089481904,b,2,2,3,1
1.010000,SS,0,1,0.041497778,-0.569355923,0.452144478,4.999990409,-0.727460650,2.573193147,-4.220156106,planner_track,0.013406390,-0.004173161,-0.000870176,0.000479528,0.602405874,0.101918213,b,2,2,3,1
1.110000,SS,0,1,0.050994196,-0.918377104,0.562519516,4.999987550,-0.497928033,2.211826136,-3.695271632,planner_track,0.014362782,-0.005012668,-0.000849634,0.000435996,0.555164234,0.112046134,b,2,2,3,1
1.210000,SS,0,1,0.061084339,-1.276505094,0.656548081,4.999967803,-0.248104765,1.797062924,-3.051763002,planner_track,0.015197083,-0.005793431,-0.000746667,0.000360058,0.504807148,0.119858035,b,2,2,3,1
1.310000,SS,0,1,0.071579657,-1.622873867,0.771764152,4.815239663,0.013787387,1.327138545,-2.299602270,planner_track,0.015729296,-0.006471448,-0.000554705,0.000255864,0.452335323,0.125477499,b,2,2,3,1
1.410000,SS,0,1,0.082274580,-1.940368219,0.939284094,4.348087004,0.276668650,0.802730343,-1.449536164,planner_track,0.015790376,-0.007007415,-0.000271176,0.000129628,0.398815022,0.129046711,b,2,2,3,1
1.510000,SS,0,1,0.092952709,-2.204449005,1.122354839,3.799389259,0.523382905,0.240597820,-0.528808888,planner_track,0.015385161,-0.007367737,0.000102556,-0.000010886,0.345342514,0.130616643,b,2,2,3,1
1.610000,SS,0,1,0.103396811,-2.408800374,1.345310359,3.137694830,0.833868607,-0.309799759,0.406634538,planner_track,0.015112105,-0.007526248,0.000562728,-0.000156715,0.293010550,0.130113234,b,2,2,3,1
1.710000,SS,0,1,0.113380339,-2.536344396,1.559225079,2.469948935,0.873069024,-0.982268341,1.441338446,planner_track,0.012817932,-0.007461386,0.001093918,-0.000297668,0.242874735,0.127219271,b,2,2,3,1
1.810000,SS,0,1,0.122710480,-2.576311780,1.802917808,1.681709960,1.012930640,-1.584207841,2.396319655,planner_track,0.011229824,-0.007166268,0.001689312,-0.000424289,0.195920347,0.121573247,b,2,2,3,1
1.910000,SS,0,1,0.131198876,-2.558027377,1.996498747,0.978418555,1.077281140,-2.157501108,3.280005833,planner_track,0.010197036,-0.006641516,0.002330037,-0.000527313,0.153030562,0.112679713,b,2,2,3,1
2.010000,SS,0,1,0.138686311,-2.467583360,2.190758549,0.235102920,1.072797744,-2.685880932,4.068928031,planner_track,0.010057251,-0.005898905,0.002995237,-0.000598404,0.114952148,0.100078877,b,2,2,3,1
2.110000,SS,0,1,0.145047416,-2.309479499,2.298972308,-0.386572918,1.026949389,-3.112848543,4.689157563,planner_track,0.011457444,-0.004962064,0.003662700,-0.000631414,0.082264540,0.083514135,b,2,2,3,1
2.210000,SS,0,1,0.150196335,-2.090787355,2.313366986,-0.875321162,0.943462993,-3.415561703,5.000000000,planner_track,0.014013934,-0.003863403,0.004307952,-0.000622598,0.055351229,0.063256177,b,2,2,3,1
2.310000,SS,0,1,0.154077802,-1.830973375,2.237325546,-1.229181720,0.836782754,-3.562705150,5.000000000,planner_track,0.017196916,-0.002644587,0.004906165,-0.000571161,0.034384759,0.041174415,b,2,2,3,1
2.410000,SS,0,1,0.156688278,-1.544463993,2.076152015,-1.449024621,0.715526670,-3.522636567,5.000000000,planner_track,0.020628138,-0.001355681,0.005433543,-0.000479330,0.019345723,0.026391909,b,2,2,3,1
2.510000,SS,0,1,0.158107976,-1.245666825,1.843214408,-1.542056221,0.585004744,-3.269570413,4.749393096,planner_track,0.024084966,-0.000054195,0.005868297,-0.000352527,0.010136501,0.038045126,b,2,2,3,1
2.610000,SS,0,1,0.158489457,-0.950969495,1.558358495,-1.520674644,0.446224870,-2.781905330,3.997709790,planner_track,0.027511939,0.001194788,0.006190920,-0.000199321,0.006451925,0.062613654,b,2,2,3,1
2.710000,SS,0,1,0.158037647,-0.678363969,1.247096057,-1.401645482,0.294347227,-2.039730510,2.882746056,planner_track,0.031040343,0.002318172,0.006383890,-0.000031099,0.005957204,0.086257359,b,2,2,3,1
2.810000,SS,0,1,0.157030012,-0.447415082,0.939680624,-1.207708921,0.115428486,-1.051292481,1.522005238,planner_track,0.034928045,0.003234887,0.006431286,0.000138371,0.005880271,0.103613586,b,2,2,3,1
2.910000,SS,0,1,0.155719593,-0.283861224,0.680409282,-0.953769161,0.182796663,-0.671050577,1.277717065,planner_track,0.034163603,0.003889409,0.006319144,0.000291891,0.005635008,0.112870235,b,2,2,3,1
3.010000,SS,0,1,0.154177595,-0.175963877,0.565639982,-0.511641428,0.170232442,-0.597148595,0.962234313,planner_track,0.029909483,0.004308340,0.006069936,0.000412654,0.005324143,0.115185949,b,2,2,3,1
3.110000,SS,0,1,0.152455534,-0.119074967,0.447791104,-0.301384280,0.115139496,-0.470426787,0.785946712,planner_track,0.027177047,0.004528926,0.005722409,0.000496519,0.005025469,0.112272608,b,2,2,3,1
3.210000,SS,0,1,0.150600539,-0.091138171,0.345039152,-0.129811751,0.083187749,-0.379942193,0.612852048,planner_track,0.025754777,0.004588855,0.005304954,0.000547398,0.004772208,0.105887093,b,2,2,3,1
3.310000,DS,0,0,0.147480449,0.098347581,0.305625898,0.383639711,0.621006911,-0.351923801,0.075231554,ds_hold,0.000000000,0.000000000,0.000000000,0.000000000,0.000199011,0.037321571,b,2,3,3,2
3.410000,DS,0,0,0.145044858,0.320909349,-0.175492999,1.720948840,-0.251566652,-0.056454514,0.090253699,ds_hold,0.013015384,-0.000194250,-0.000802752,0.000030403,0.000015969,0.101745371,b,2,3,3,2
3.510000,DS,0,0,0.143122971,0.234018096,0.250332580,0.693003826,-0.139943214,-0.067724365,0.086100917,ds_hold,0.042510446,-0.000309932,-0.001386827,0.000055081,0.000004017,0.023283512,b,2,3,3,2
3.610000,DS,0,0,0.141116486,0.243271240,0.133607835,0.713453911,-0.070607408,-0.103756749,0.148205467,ds_hold,0.054467999,-0.000433760,-0.001942250,0.000057289,0.000004522,0.027040720,b,2,3,3,2
3.710000,DS,0,0,0.139098801,0.249678358,0.000558406,0.870218577,-0.063329311,-0.092151121,0.124219386,ds_hold,0.061374071,-0.000574302,-0.002472038,0.000043937,0.000002198,0.016069304,b,2,3,3,2
3.810000,DS,0,0,0.137169899,0.268949783,-0.033101223,0.846330276,-0.077773856,-0.070442304,0.100134869,ds_hold,0.069078616,-0.000713768,-0.002945994,0.000021626,0.000002653,0.015741769,b,2,3,3,2
3.910000,DS,0,0,0.135318152,0.277037787,-0.051577011,0.790257319,-0.079113948,-0.060005462,0.098400644,ds_hold,0.075469672,-0.000849031,-0.003362441,-0.000008095,0.000001257,0.009054927,b,2,3,3,2
4.010000,DS,0,0,0.133512094,0.279043342,-0.087696805,0.784375318,-0.069480288,-0.055355010,0.096647198,ds_hold,0.079262931,-0.000984903,-0.003732204,-0.000044735,0.000001053,0.008299280,b,2,3,3,2
4.110000,DS,0,0,0.131748787,0.283090257,-0.124683149,0.790369443,-0.061683542,-0.048845716,0.088106102,ds_hold,0.081285334,-0.001122791,-0.004060011,-0.000086653,0.000001184,0.008217951,b,2,3,3,2
4.210000,DS,0,0,0.130034507,0.287825549,-0.151867942,0.785189850,-0.057771484,-0.041025922,0.079102528,ds_hold,0.082381675,-0.001261438,-0.004346417,-0.000131951,0.000001212,0.007698629,b,2,3,3,2
4.310000,DS,0,0,0.128368696,0.290528278,-0.172962992,0.776915490,-0.059293685,-0.030972518,0.070375786,ds_hold,0.082760693,-0.001399992,-0.004592914,-0.000179241,0.000001095,0.006732968,b,2,3,3,2
4.410000,DS,0,0,0.126750669,0.292006770,-0.191893287,0.769715394,-0.060866635,-0.018303263,0.056227987,ds_hold,0.082395445,-0.001535974,-0.004798467,-0.000226537,0.000001225,0.006734308,b,2,3,3,2
4.510000,DS,0,0,0.125188076,0.293318877,-0.205788128,0.750805979,-0.061701455,-0.002713344,0.035634123,ds_hold,0.081648963,-0.001663785,-0.004958483,-0.000270378,0.000001521,0.007899255,b,2,3,3,2
4.610000,DS,0,0,0.123689907,0.293856359,-0.210412318,0.717327099,-0.061979320,0.017084856,0.007552522,ds_hold,0.081018812,-0.001776107,-0.005069836,-0.000307680,0.000001761,0.009625322,b,2,3,3,2
4.710000,DS,0,0,0.122263030,0.293063244,-0.206418388,0.669077466,-0.054753278,0.039664242,-0.033527557,ds_hold,0.081075702,-0.001864533,-0.005132816,-0.000336481,0.000001934,0.011577744,b,2,3,3,2
4.810000,DS,0,0,0.120908688,0.289266388,-0.194061558,0.608370328,-0.010806555,0.040451601,-0.079873826,ds_hold,0.082419735,-0.001924047,-0.005155168,-0.000358405,0.000001522,0.010859785,b,2,3,3,2
4.910000,DS,0,0,0.119610813,0.278960208,-0.181476432,0.562955883,0.008167572,0.034128051,-0.078788649,ds_hold,0.084764803,-0.001960077,-0.005151931,-0.000380582,0.000000945,0.008056884,b,2,3,3,2
5.010000,DS,0,0,0.118354421,0.265794829,-0.177834503,0.526543544,0.025019076,0.025489985,-0.078312258,ds_hold,0.087774470,-0.001979671,-0.005132181,-0.000404322,0.000000562,0.004897797,b,2,3,3,2
5.110000,DS,0,0,0.117128752,0.255651016,-0.175974801,0.503940450,0.033600395,0.024283173,-0.085457503,ds_hold,0.091131787,-0.001990107,-0.005102401,-0.000428699,0.000000284,0.002339826,b,2,3,3,2
5.210000,DS,0,0,0.115925457,0.249153842,-0.174695851,0.494588964,0.035957172,0.027394202,-0.094461039,ds_hold,0.094525534,-0.001997742,-0.005067268,-0.000452475,0.000000118,0.002019590,b,2,3,3,2
5.310000,DS,0,0,0.114738594,0.245877753,-0.173968849,0.495381384,0.037899662,0.028947383,-0.098283874,ds_hold,0.097693460,-0.002007027,-0.005029966,-0.000474552,0.000000114,0.002503487,b,2,3,3,2
5.410000,DS,0,0,0.113565005,0.245354201,-0.173583431,0.501847972,0.039273583,0.027571924,-0.095439155,ds_hold,0.100492127,-0.002019815,-0.004992594,-0.000494110,0.000000133,0.002529031,b,2,3,3,2
5.510000,DS,0,0,0.112403712,0.246948902,-0.172704938,0.510861589,0.038343259,0.025867752,-0.089651202,ds_hold,0.102886104,-0.002036298,-0.004956529,-0.000510622,0.000000129,0.002390964,b,2,3,3,2
5.610000,DS,0,0,0.111254743,0.249748493,-0.170940305,0.520885072,0.035889571,0.024576600,-0.083402606,ds_hold,0.104893274,-0.002055993,-0.004922544,-0.000523913,0.000000113,0.002176718,b,2,3,3,2
5.710000,DS,0,0,0.110118503,0.252909158,-0.168549512,0.530558206,0.032847932,0.023421752,-0.077220274,ds_hold,0.106550924,-0.002078170,-0.004890932,-0.000534134,0.000000096,0.001909423,b,2,3,3,2
5.810000,DS,0,0,0.108995553,0.255894879,-0.165836613,0.539160123,0.029773355,0.022223952,-0.071195661,ds_hold,0.107900625,-0.002102044,-0.004861669,-0.000541651,0.000000084,0.001626095,b,2,3,3,2
5.910000,DS,0,0,0.107886488,0.258391216,-0.163006484,0.546433710,0.026952941,0.020892320,-0.065336197,ds_hold,0.108982843,-0.002126860,-0.004834541,-0.000546951,0.000000083,0.001368300,b,2,3,3,2
6.010000,DS,0,0,0.106791840,0.260233762,-0.160199478,0.552312528,0.024513313,0.019406576,-0.059662778,ds_hold,0.109834499,-0.002151935,-0.004809236,-0.000550556,0.000000089,0.001169593,b,2,3,3,2
6.110000,DS,0,0,0.105712014,0.261378070,-0.157505212,0.556842072,0.022476700,0.017805916,-0.054220972,ds_hold,0.110487452,-0.002176695,-0.004785413,-0.000552963,0.000000098,0.001042569,b,2,3,3,2
6.210000,DS,0,0,0.104647252,0.261871540,-0.154970498,0.560152520,0.020803471,0.016148813,-0.049047332,ds_hold,0.110967770,-0.002200687,-0.004762749,-0.000554598,0.000000104,0.000972902,b,2,3,3,2
6.310000,DS,0,0,0.103597618,0.261823729,-0.152609407,0.562438384,0.019425284,0.014483220,-0.044158807,ds_hold,0.111295803,-0.002223595,-0.004740976,-0.000555791,0.000000106,0.000931142,b,2,3,3,2
6.410000,DS,0,0,0.102563000,0.261376763,-0.150413762,0.563937148,0.018275183,0.012845990,-0.039575705,ds_hold,0.111486931,-0.002245234,-0.004719893,-0.000556771,0.000000103,0.000891736,b,2,3,3,2
6.510000,DS,0,0,0.101543136,0.260677790,-0.148363572,0.564901345,0.017305902,0.011264093,-0.035323720,ds_hold,0.111552700,-0.002265547,-0.004699377,-0.000557670,0.000000097,0.000841771,b,2,3,3,2
6.610000,DS,0,0,0.100537645,0.259858318,-0.146435791,0.565568724,0.016485544,0.009755440,-0.031417573,ds_hold,0.111502037,-0.002284581,-0.004679372,-0.000558547,0.000000087,0.000779490,b,2,3,3,2
6.710000,DS,0,0,0.099546068,0.259022417,-0.144609959,0.566136758,0.015783212,0.008333025,-0.027851311,ds_hold,0.111342334,-0.002302457,-0.004659875,-0.000559401,0.000000077,0.000709734,b,2,3,3,2
6.810000,DS,0,0,0.098567912,0.258242560,-0.142870594,0.566746981,0.015163105,0.007006758,-0.024599505,ds_hold,0.111080337,-0.002319345,-0.004640916,-0.000560197,0.000000066,0.000639709,b,2,3,3,2
6.910000,DS,0,0,0.097602688,0.257560767,-0.141207273,0.567481453,0.014589164,0.005781829,-0.021623414,ds_hold,0.110722864,-0.002335427,-0.004622539,-0.000560882,0.000000056,0.000575757,b,2,3,3,2
7.010000,DS,0,0,0.096649935,0.256993020,-0.139613648,0.568369276,0.014032089,0.004656959,-0.018877926,ds_hold,0.110277317,-0.002350874,-0.004604790,-0.000561401,0.000000048,0.000521433,b,2,3,3,2
7.110000,DS,0,0,0.095709239,0.256535513,-0.138086322,0.569399222,0.013472656,0.003625023,-0.016318069,ds_hold,0.109751945,-0.002365832,-0.004587702,-0.000561707,0.000000042,0.000477211,b,2,3,3,2
7.210000,DS,0,0,0.094780238,0.256171532,-0.136623978,0.570534650,0.012900324,0.002676207,-0.013904897,ds_hold,0.109155846,-0.002380408,-0.004571299,-0.000561767,0.000000037,0.000441564,b,2,3,3,2
7.310000,DS,0,0,0.093862617,0.255877932,-0.135226846,0.571727869,0.012308890,0.001802808,-0.011611324,ds_hold,0.108498706,-0.002394676,-0.004555586,-0.000561561,0.000000034,0.000412460,b,2,3,3,2
7.410000,DS,0,0,0.092956106,0.255630455,-0.133896435,0.572932127,0.011692412,0.001004161,-0.009429225,ds_hold,0.107790383,-0.002408683,-0.004540552,-0.000561085,0.000000032,0.000388282,b,2,3,3,2
7.510000,DS,0,0,0.092060463,0.255407477,-0.132635391,0.574110313,0.011045721,0.000288973,-0.007377580,ds_hold,0.107040420,-0.002422454,-0.004526177,-0.000560347,0.000000029,0.000367841,b,2,3,3,2
7.610000,DS,0,0,0.091175465,0.255192144,-0.131447319,0.575239768,0.010371702,-0.000328403,-0.005504738,ds_hold,0.106257637,-0.002436006,-0.004512429,-0.000559361,0.000000027,0.000349930,b,2,3,3,2
7.710000,DS,0,0,0.090300901,0.254972964,-0.130336371,0.576312701,0.009688833,-0.000837745,-0.003872012,ds_hold,0.105449877,-0.002449357,-0.004499273,-0.000558148,0.000000025,0.000333140,b,2,3,3,2
7.810000,DS,0,0,0.089436561,0.254743210,-0.129306466,0.577332585,0.009027219,-0.001241445,-0.002520889,ds_hold,0.104623928,-0.002462528,-0.004486672,-0.000556733,0.000000023,0.000316264,b,2,3,3,2
7.910000,DS,0,0,0.088582241,0.254499895,-0.128360207,0.578308679,0.008414247,-0.001553596,-0.001452093,ds_hold,0.103785574,-0.002475547,-0.004474590,-0.000555137,0.000000021,0.000298805,b,2,3,3,2
8.010000,DS,0,0,0.087737736,0.254242991,-0.127497963,0.579251069,0.007864334,-0.001792248,-0.000633505,ds_hold,0.102939708,-0.002488443,-0.004462996,-0.000553384,0.000000019,0.000281059,b,2,3,3,2
8.110000,DS,0,0,0.086902853,0.253974823,-0.126717597,0.580167325,0.007379141,-0.001973258,-0.000020572,ds_hold,0.102090483,-0.002501244,-0.004451857,-0.000551493,0.000000017,0.000263762,b,2,3,3,2
8.210000,DS,0,0,0.086077404,0.253699260,-0.126014876,0.581061034,0.006952785,-0.002108700,0.000429711,ds_hold,0.101241457,-0.002513975,-0.004441148,-0.000549482,0.000000016,0.000247687,b,2,3,3,2
8.310000,DS,0,0,0.085261212,0.253420783,-0.125384218,0.581932072,0.006576512,-0.002207714,0.000753945,ds_hold,0.100395717,-0.002526654,-0.004430842,-0.000547363,0.000000014,0.000233371,b,2,3,3,2
8.410000,DS,0,0,0.084454110,0.253143693,-0.124819468,0.582777873,0.006241422,-0.002277679,0.000982101,ds_hold,0.099555967,-0.002539293,-0.004420916,-0.000545148,0.000000013,0.000221037,b,2,3,3,2
8.510000,DS,0,0,0.083655940,0.252871605,-0.124314517,0.583594912,0.005939703,-0.002324938,0.001138498,ds_hold,0.098724592,-0.002551897,-0.004411349,-0.000542845,0.000000012,0.000210630,b,2,3,3,2
8.610000,DS,0,0,0.082866552,0.252607195,-0.123863719,0.584379871,0.005665042,-0.002355052,0.001242707,ds_hold,0.097903684,-0.002564466,-0.004402120,-0.000540462,0.000000012,0.000201913,b,2,3,3,2
8.710000,DS,0,0,0.082085801,0.252352167,-0.123462118,0.585130343,0.005412640,-0.002372829,0.001310208,ds_hold,0.097095056,-0.002576998,-0.004393210,-0.000538005,0.000000011,0.000194564,b,2,3,3,2
8.810000,DS,0,0,0.081313551,0.252107347,-0.123105511,0.585845122,0.005179065,-0.002382284,0.001352899,ds_hold,0.096300256,-0.002589489,-0.004384602,-0.000535480,0.000000011,0.000188248,b,2,3,3,2
8.910000,DS,0,0,0.080549668,0.251872863,-0.122790399,0.586524183,0.004962055,-0.002386639,0.001379597,ds_hold,0.095520566,-0.002601930,-0.004376279,-0.000532891,0.000000010,0.000182676,b,2,3,3,2
9.010000,DS,0,0,0.079794023,0.251648351,-0.122513873,0.587168490,0.004760320,-0.002388376,0.001396534,ds_hold,0.094757012,-0.002614316,-0.004368224,-0.000530244,0.000000010,0.000177621,b,2,3,3,2
9.110000,DS,0,0,0.079046490,0.251433158,-0.122273472,0.587779737,0.004573331,-0.002389325,0.001407851,ds_hold,0.094010382,-0.002626641,-0.004360424,-0.000527545,0.000000010,0.000172929,b,2,3,3,2
9.210000,DS,0,0,0.078306947,0.251226504,-0.122067048,0.588360065,0.004401108,-0.002390750,0.001416023,ds_hold,0.093281242,-0.002638899,-0.004352863,-0.000524797,0.000000010,0.000168513,b,2,3,3,2
9.310000,DS,0,0,0.077575272,0.251027599,-0.121892653,0.588911821,0.004243962,-0.002393406,0.001422242,ds_hold,0.092569962,-0.002651085,-0.004345527,-0.000522008,0.000000009,0.000164342,b,2,3,3,2
9.410000,DS,0,0,0.076851349,0.250835713,-0.121748445,0.589437334,0.004102195,-0.002397584,0.001426760,ds_hold,0.091876741,-0.002663195,-0.004338405,-0.000519182,0.000000009,0.000160425,b,2,3,3,2
9.510000,DS,0,0,0.076135062,0.250650206,-0.121632636,0.589938757,0.003975788,-0.002403159,0.001429229,ds_hold,0.091201645,-0.002675225,-0.004331483,-0.000516323,0.000000009,0.000156796,b,2,3,3,2
9.610000,DS,0,0,0.075426301,0.250470538,-0.121543446,0.590417937,0.003864160,-0.002409677,0.001429063,ds_hold,0.090544631,-0.002687172,-0.004324752,-0.000513439,0.000000009,0.000153498,b,2,3,3,2
9.710000,DS,0,0,0.074724955,0.250296260,-0.121479089,0.590876359,0.003766087,-0.002416487,0.001425747,ds_hold,0.089905577,-0.002699032,-0.004318200,-0.000510533,0.000000009,0.000150566,b,2,3,3,2
9.810000,DS,0,0,0.074030918,0.250127006,-0.121437775,0.591315143,0.003679798,-0.002422888,0.001419039,ds_hold,0.089284304,-0.002710801,-0.004311821,-0.000507610,0.000000009,0.000148016,b,2,3,3,2
9.910000,DS,0,0,0.073344086,0.249962480,-0.121417732,0.591735108,0.003603210,-0.002428254,0.001409034,ds_hold,0.088680586,-0.002722474,-0.004305605,-0.000504676,0.000000009,0.000145836,b,2,3,3,2
10.010000,DS,0,0,0.072664360,0.249802437,-0.121417231,0.592136865,0.003534188,-0.002432106,0.001396106,ds_hold,0.088094167,-0.002734047,-0.004299546,-0.000501734,0.000000009,0.000143997,b,2,3,3,2
10.110000,DS,0,0,0.071991639,0.249646658,-0.121434628,0.592520925,0.003470757,-0.002434134,0.001380805,ds_hold,0.087524759,-0.002745516,-0.004293638,-0.000498789,0.000000009,0.000142449,b,2,3,3,2
10.210000,DS,0,0,0.071325830,0.249494931,-0.121468382,0.592887783,0.003411219,-0.002434180,0.001363744,ds_hold,0.086972050,-0.002756874,-0.004287874,-0.000495845,0.000000009,0.000141141,b,2,3,3,2
10.310000,DS,0,0,0.070666838,0.249347043,-0.121517069,0.593237978,0.003354196,-0.002432204,0.001345526,ds_hold,0.086435701,-0.002768117,-0.004282251,-0.000492907,0.000000009,0.000140019,b,2,3,3,2
10.410000,DS,0,0,0.070014572,0.249202775,-0.121579386,0.593572116,0.003298596,-0.002428244,0.001326699,ds_hold,0.085915355,-0.002779240,-0.004276762,-0.000489977,0.000000009,0.000139033,b,2,3,3,2
10.510000,DS,0,0,0.069368943,0.249061907,-0.121654138,0.593890874,0.003243562,-0.002422386,0.001307748,ds_hold,0.085410632,-0.002790237,-0.004271405,-0.000487060,0.000000009,0.000138144,b,2,3,3,2
10.610000,DS,0,0,0.068729864,0.248924228,-0.121740231,0.594194992,0.003188389,-0.002414730,0.001289097,ds_hold,0.084921134,-0.002801105,-0.004266175,-0.000484159,0.000000009,0.000137317,b,2,3,3,2
10.710000,DS,0,0,0.068097247,0.248789543,-0.121836657,0.594485262,0.003132446,-0.002405372,0.001271134,ds_hold,0.084446446,-0.002811839,-0.004261068,-0.000481276,0.000000009,0.000136523,b,2,3,3,2
10.810000,DS,0,0,0.067471011,0.248657686,-0.121942483,0.594762513,0.003075089,-0.002394394,0.001254247,ds_hold,0.083986139,-0.002822436,-0.004256080,-0.000478416,0.000000009,0.000135740,b,2,3,3,2
10.910000,DS,0,0,0.066851072,0.248528528,-0.122056844,0.595027616,0.003015583,-0.002381850,0.001238873,ds_hold,0.083539768,-0.002832894,-0.004251209,-0.000475581,0.000000009,0.000134946,b,2,3,3,2
11.010000,DS,0,0,0.066237348,0.248401985,-0.122178934,0.595281484,0.002953018,-0.002367783,0.001225567,ds_hold,0.083106876,-0.002843208,-0.004246450,-0.000472773,0.000000009,0.000134120,b,2,3,3,2
11.110000,DS,0,0,0.065629762,0.248278025,-0.122308002,0.595525097,0.002886253,-0.002352250,0.001215114,ds_hold,0.082686989,-0.002853379,-0.004241801,-0.000469994,0.000000009,0.000133235,b,2,3,3,2
11.210000,DS,0,0,0.065028234,0.248156684,-0.122443354,0.595759537,0.002813926,-0.002335403,0.001208668,ds_hold,0.082279614,-0.002863404,-0.004237257,-0.000467246,0.000000009,0.000132257,b,2,3,3,2
11.310000,DS,0,0,0.064432686,0.248038082,-0.122584346,0.595986055,0.002734647,-0.002317638,0.001207890,ds_hold,0.081884227,-0.002873286,-0.004232815,-0.000464532,0.000000009,0.000131136,b,2,3,3,2
11.410000,DS,0,0,0.063843044,0.247922443,-0.122730393,0.596206163,0.002647600,-0.002299807,0.001214911,ds_hold,0.081500269,-0.002883024,-0.004228472,-0.000461850,0.000000009,0.000129808,b,2,3,3,2
11.510000,DS,0,0,0.063259230,0.247810103,-0.122880983,0.596421757,0.002553758,-0.002283356,0.001231653,ds_hold,0.081127122,-0.002892624,-0.004224221,-0.000459202,0.000000009,0.000128204,b,2,3,3,2
11.610000,DS,0,0,0.062681169,0.247701475,-0.123035713,0.596635173,0.002457379,-0.002270000,0.001257996,ds_hold,0.080764106,-0.002902091,-0.004220058,-0.000456588,0.000000009,0.000126292,b,2,3,3,2
11.710000,DS,0,0,0.062108787,0.247596890,-0.123194368,0.596849037,0.002366163,-0.002260641,0.001289493,ds_hold,0.080410491,-0.002911433,-0.004215977,-0.000454005,0.000000009,0.000124153,b,2,3,3,2
11.810000,DS,0,0,0.061542007,0.247496357,-0.123356990,0.597065688,0.002288272,-0.002254324,0.001317754,ds_hold,0.080065551,-0.002920660,-0.004211971,-0.000451453,0.000000009,0.000122014,b,2,3,3,2
11.910000,DS,0,0,0.060980757,0.247399433,-0.123523763,0.597286341,0.002228018,-0.002248688,0.001334957,ds_hold,0.079728635,-0.002929780,-0.004208036,-0.000448931,0.000000009,0.000120161,b,2,3,3,2
12.010000,DS,0,0,0.060424965,0.247305451,-0.123694651,0.597510552,0.002184590,-0.002241489,0.001337910,ds_hold,0.079399217,-0.002938799,-0.004204169,-0.000446438,0.000000009,0.000118794,b,2,3,3,2
12.110000,DS,0,0,0.059874564,0.247213862,-0.123869138,0.597736437,0.002154182,-0.002231583,0.001327883,ds_hold,0.079076907,-0.002947722,-0.004200369,-0.000443975,0.000000009,0.000117952,b,2,3,3,2
12.210000,DS,0,0,0.059329487,0.247124333,-0.124046355,0.597961394,0.002132403,-0.002218918,0.001308310,ds_hold,0.078761426,-0.002956548,-0.004196634,-0.000441541,0.000000010,0.000117551,b,2,3,3,2
12.310000,DS,0,0,0.058789674,0.247036643,-0.124225409,0.598182890,0.002115459,-0.002204061,0.001282988,ds_hold,0.078452581,-0.002965278,-0.004192964,-0.000439138,0.000000010,0.000117448,b,2,3,3,2
12.410000,DS,0,0,0.058255063,0.246950579,-0.124405585,0.598399025,0.002100467,-0.002187761,0.001255190,ds_hold,0.078150231,-0.002973909,-0.004189358,-0.000436765,0.000000010,0.000117496,b,2,3,3,2
12.510000,DS,0,0,0.057725596,0.246865898,-0.124586402,0.598608725,0.002085450,-0.002170702,0.001227352,ds_hold,0.077854254,-0.002982438,-0.004185815,-0.000434424,0.000000010,0.000117572,b,2,3,3,2
12.610000,DS,0,0,0.057201214,0.246782345,-0.124767578,0.598811674,0.002069223,-0.002153405,0.001201052,ds_hold,0.077564539,-0.002990864,-0.004182335,-0.000432115,0.000000010,0.000117590,b,2,3,3,2
12.710000,DS,0,0,0.056681861,0.246699680,-0.124948969,0.599008116,0.002051244,-0.002136227,0.001177138,ds_hold,0.077280963,-0.002999185,-0.004178915,-0.000429838,0.000000010,0.000117503,b,2,3,3,2
12.810000,DS,0,0,0.056167479,0.246617710,-0.125130507,0.599198643,0.002031453,-0.002119384,0.001155899,ds_hold,0.077003390,-0.003007399,-0.004175556,-0.000427594,0.000000010,0.000117292,b,2,3,3,2
12.910000,DS,0,0,0.055658013,0.246536306,-0.125312156,0.599384012,0.002010120,-0.002102986,0.001137233,ds_hold,0.076731670,-0.003015507,-0.004172256,-0.000425383,0.000000010,0.000116964,b,2,3,3,2
13.010000,DS,0,0,0.055153407,0.246455413,-0.125493876,0.599565020,0.001987713,-0.002087061,0.001120780,ds_hold,0.076465637,-0.003023508,-0.004169013,-0.000423206,0.000000010,0.000116537,b,2,3,3,2
13.110000,DS,0,0,0.054653606,0.246375037,-0.125675610,0.599742409,0.001964786,-0.002071582,0.001106037,ds_hold,0.076205115,-0.003031404,-0.004165826,-0.000421064,0.000000010,0.000116037,b,2,3,3,2
13.210000,DS,0,0,0.054158555,0.246295228,-0.125857281,0.599916821,0.001941897,-0.002056480,0.001092436,ds_hold,0.075949921,-0.003039195,-0.004162694,-0.000418956,0.000000010,0.000115491,b,2,3,3,2
13.310000,DS,0,0,0.053668202,0.246216065,-0.126038793,0.600088766,0.001919541,-0.002041660,0.001079420,ds_hold,0.075699870,-0.003046883,-0.004159615,-0.000416882,0.000000010,0.000114923,b,2,3,3,2
13.410000,DS,0,0,0.053182492,0.246137631,-0.126220035,0.600258624,0.001898108,-0.002027016,0.001066489,ds_hold,0.075454778,-0.003054470,-0.004156589,-0.000414843,0.000000010,0.000114354,b,2,3,3,2
13.510000,DS,0,0,0.052701375,0.246060001,-0.126400890,0.600426643,0.001877867,-0.002012443,0.001053243,ds_hold,0.075214468,-0.003061958,-0.004153613,-0.000412837,0.000000010,0.000113799,b,2,3,3,2
13.610000,DS,0,0,0.052224799,0.245983234,-0.126581239,0.600592962,0.001858963,-0.001997854,0.001039398,ds_hold,0.074978770,-0.003069348,-0.004150686,-0.000410866,0.000000010,0.000113267,b,2,3,3,2
13.710000,DS,0,0,0.051752714,0.245907362,-0.126760970,0.600757629,0.001841433,-0.001983184,0.001024790,ds_hold,0.074747526,-0.003076642,-0.004147809,-0.000408929,0.000000010,0.000112764,b,2,3,3,2
13.810000,DS,0,0,0.051285071,0.245832393,-0.126939975,0.600920631,0.001825232,-0.001968393,0.001009363,ds_hold,0.074520588,-0.003083841,-0.004144979,-0.000407025,0.000000010,0.000112288,b,2,3,3,2
13.910000,DS,0,0,0.050821821,0.245758314,-0.127118162,0.601081916,0.001810263,-0.001953470,0.000993146,ds_hold,0.074297820,-0.003090947,-0.004142195,-0.000405154,0.000000010,0.000111838,b,2,3,3,2
14.010000,DS,0,0,0.050362916,0.245685092,-0.127295450,0.601241418,0.001796402,-0.001938424,0.000976224,ds_hold,0.074079095,-0.003097960,-0.004139457,-0.000403315,0.000000010,0.000111408,b,2,3,3,2
14.110000,DS,0,0,0.049908310,0.245612682,-0.127471772,0.601399070,0.001783522,-0.001923281,0.000958711,ds_hold,0.073864298,-0.003104884,-0.004136764,-0.000401509,0.000000010,0.000110993,b,2,3,3,2
14.210000,DS,0,0,0.049457956,0.245541033,-0.127647073,0.601554823,0.001771510,-0.001908076,0.000940732,ds_hold,0.073653321,-0.003111717,-0.004134116,-0.000399736,0.000000010,0.000110587,b,2,3,3,2
14.310000,DS,0,0,0.049011810,0.245470092,-0.127821311,0.601708647,0.001760272,-0.001892848,0.000922400,ds_hold,0.073446062,-0.003118462,-0.004131510,-0.000397994,0.000000010,0.000110186,b,2,3,3,2
14.410000,DS,0,0,0.048569826,0.245399810,-0.127994452,0.601860535,0.001749742,-0.001877637,0.000903812,ds_hold,0.073242427,-0.003125120,-0.004128946,-0.000396284,0.000000010,0.000109785,b,2,3,3,2
14.510000,DS,0,0,0.048131961,0.245330142,-0.128166469,0.602010502,0.001739879,-0.001862477,0.000885040,ds_hold,0.073042325,-0.003131691,-0.004126424,-0.000394606,0.000000010,0.000109381,b,2,3,3,2
14.610000,DS,0,0,0.047698171,0.245261051,-0.128337340,0.602158581,0.001730663,-0.001847398,0.000866135,ds_hold,0.072845670,-0.003138177,-0.004123943,-0.000392958,0.000000010,0.000108974,b,2,3,3,2
14.710000,DS,0,0,0.047268414,0.245192508,-0.128507048,0.602304818,0.001722093,-0.001832426,0.000847126,ds_hold,0.072652378,-0.003144579,-0.004121502,-0.000391341,0.000000010,0.000108561,b,2,3,3,2
14.810000,DS,0,0,0.046842648,0.245124489,-0.128675580,0.602449270,0.001714183,-0.001817583,0.000828027,ds_hold,0.072462369,-0.003150897,-0.004119100,-0.000389755,0.000000010,0.000108142,b,2,3,3,2
14.910000,DS,0,0,0.046420831,0.245056980,-0.128842921,0.602591996,0.001706957,-0.001802885,0.000808837,ds_hold,0.072275565,-0.003157134,-0.004116736,-0.000388199,0.000000010,0.000107717,b,2,3,3,2
15.010000,DS,0,0,0.046002922,0.244989969,-0.129009063,0.602733060,0.001700444,-0.001788348,0.000789551,ds_hold,0.072091889,-0.003163290,-0.004114410,-0.000386673,0.000000010,0.000107285,b,2,3,3,2
15.110000,DS,0,0,0.045588881,0.244923447,-0.129173998,0.602872527,0.001694682,-0.001773988,0.000770161,ds_hold,0.071911269,-0.003169366,-0.004112122,-0.000385177,0.000000010,0.000106847,b,2,3,3,2
15.210000,DS,0,0,0.045178669,0.244857408,-0.129337718,0.603010458,0.001689709,-0.001759822,0.000750657,ds_hold,0.071733632,-0.003175363,-0.004109869,-0.000383710,0.000000010,0.000106401,b,2,3,3,2
15.310000,DS,0,0,0.044772245,0.244791846,-0.129500223,0.603146914,0.001685567,-0.001745870,0.000731035,ds_hold,0.071558908,-0.003181283,-0.004107653,-0.000382273,0.000000010,0.000105948,b,2,3,3,2
15.410000,DS,0,0,0.044369573,0.244726757,-0.129661510,0.603281959,0.001682299,-0.001732154,0.000711295,ds_hold,0.071387028,-0.003187127,-0.004105471,-0.000380863,0.000000010,0.000105486,b,2,3,3,2
15.510000,DS,0,0,0.043970613,0.244662134,-0.129821583,0.603415655,0.001679950,-0.001718702,0.000691446,ds_hold,0.071217924,-0.003192896,-0.004103323,-0.000379482,0.000000010,0.000105014,b,2,3,3,2
15.610000,DS,0,0,0.043575327,0.244597973,-0.129980449,0.603548067,0.001678562,-0.001705544,0.000671506,ds_hold,0.071051530,-0.003198591,-0.004101209,-0.000378130,0.000000010,0.000104531,b,2,3,3,2
15.710000,DS,0,0,0.043183680,0.244534268,-0.130138116,0.603679269,0.001678170,-0.001692717,0.000651506,ds_hold,0.070887779,-0.003204214,-0.004099127,-0.000376804,0.000000010,0.000104034,b,2,3,3,2
15.810000,DS,0,0,0.042795633,0.244471017,-0.130294598,0.603809340,0.001678799,-0.001680258,0.000631489,ds_hold,0.070726607,-0.003209766,-0.004097078,-0.000375506,0.000000011,0.000103522,b,2,3,3,2
15.910000,DS,0,0,0.042411152,0.244408218,-0.130449913,0.603938374,0.001680450,-0.001668205,0.000611518,ds_hold,0.070567945,-0.003215249,-0.004095060,-0.000374235,0.000000011,0.000102992,b,2,3,3,2
16.010000,DS,0,0,0.042030199,0.244345875,-0.130604080,0.604066477,0.001683088,-0.001656590,0.000591671,ds_hold,0.070411727,-0.003220663,-0.004093073,-0.000372990,0.000000011,0.000102443,b,2,3,3,2
16.110000,DS,0,0,0.041652741,0.244283995,-0.130757127,0.604193776,0.001686622,-0.001645433,0.000572045,ds_hold,0.070257884,-0.003226011,-0.004091115,-0.000371771,0.000000011,0.000101872,b,2,3,3,2
16.210000,DS,0,0,0.041278742,0.244222593,-0.130909083,0.604320417,0.001690886,-0.001634731,0.000552750,ds_hold,0.070106344,-0.003231293,-0.004089187,-0.000370577,0.000000011,0.000101280,b,2,3,3,2
16.310000,DS,0,0,0.040908167,0.244161692,-0.131059982,0.604446568,0.001695613,-0.001624440,0.000533900,ds_hold,0.069957032,-0.003236513,-0.004087286,-0.000369409,0.000000011,0.000100666,b,2,3,3,2
16.410000,DS,0,0,0.040540983,0.244101324,-0.131209863,0.604572418,0.001700436,-0.001614472,0.000515597,ds_hold,0.069809872,-0.003241672,-0.004085413,-0.000368264,0.000000011,0.000100035,b,2,3,3,2
16.510000,DS,0,0,0.040177155,0.244041531,-0.131358769,0.604698167,0.001704891,-0.001604678,0.000497909,ds_hold,0.069664782,-0.003246771,-0.004083566,-0.000367144,0.000000011,0.000099394,b,2,3,3,2
16.610000,DS,0,0,0.039816650,0.243982361,-0.131506742,0.604824015,0.001708474,-0.001594865,0.000480851,ds_hold,0.069521679,-0.003251814,-0.004081744,-0.000366046,0.000000011,0.000098755,b,2,3,3,2
16.710000,DS,0,0,0.039459435,0.243923871,-0.131653823,0.604950149,0.001710718,-0.001584813,0.000464373,ds_hold,0.069380480,-0.003256802,-0.004079946,-0.000364971,0.000000011,0.000098131,b,2,3,3,2
16.810000,DS,0,0,0.039105478,0.243866118,-0.131800047,0.605076719,0.001711284,-0.001574317,0.000448362,ds_hold,0.069241100,-0.003261738,-0.004078171,-0.000363918,0.000000011,0.000097541,b,2,3,3,2
16.910000,DS,0,0,0.038754746,0.243809158,-0.131945439,0.605203823,0.001710038,-0.001563228,0.000432662,ds_hold,0.069103459,-0.003266624,-0.004076419,-0.000362885,0.000000011,0.000097002,b,2,3,3,2
17.010000,DS,0,0,0.038407206,0.243753039,-0.132090010,0.605331500,0.001707062,-0.001551469,0.000417093,ds_hold,0.068967478,-0.003271462,-0.004074688,-0.000361873,0.000000011,0.000096526,b,2,3,3,2
17.110000,DS,0,0,0.038062829,0.243697791,-0.132233766,0.605459733,0.001702616,-0.001539042,0.000401482,ds_hold,0.068833086,-0.003276254,-0.004072978,-0.000360880,0.000000011,0.000096121,b,2,3,3,2
17.210000,DS,0,0,0.037721582,0.243643432,-0.132376706,0.605588459,0.001697047,-0.001526002,0.000385681,ds_hold,0.068700213,-0.003281002,-0.004071287,-0.000359905,0.000000011,0.000095787,b,2,3,3,2
17.310000,DS,0,0,0.037383435,0.243589952,-0.132518832,0.605717590,0.001690710,-0.001512428,0.000369573,ds_hold,0.068568800,-0.003285708,-0.004069615,-0.000358949,0.000000011,0.000095520,b,2,3,3,2
17.410000,DS,0,0,0.037048358,0.243537325,-0.132660154,0.605847031,0.001683899,-0.001498403,0.000353081,ds_hold,0.068438790,-0.003290373,-0.004067962,-0.000358009,0.000000011,0.000095313,b,2,3,3,2
17.510000,DS,0,0,0.036716321,0.243485503,-0.132800690,0.605976690,0.001676835,-0.001483997,0.000336157,ds_hold,0.068310131,-0.003295000,-0.004066325,-0.000357086,0.000000011,0.000095158,b,2,3,3,2
17.610000,DS,0,0,0.036387295,0.243434426,-0.132940467,0.606106483,0.001669664,-0.001469267,0.000318782,ds_hold,0.068182776,-0.003299589,-0.004064706,-0.000356178,0.000000011,0.000095048,b,2,3,3,2
17.710000,DS,0,0,0.036061250,0.243384028,-0.133079520,0.606236336,0.001662478,-0.001454252,0.000300948,ds_hold,0.068056683,-0.003304142,-0.004063103,-0.000355286,0.000000011,0.000094978,b,2,3,3,2
17.810000,DS,0,0,0.035738158,0.243334239,-0.133217881,0.606366183,0.001655340,-0.001438984,0.000282658,ds_hold,0.067931812,-0.003308660,-0.004061516,-0.000354408,0.000000011,0.000094943,b,2,3,3,2
17.910000,DS,0,0,0.035417991,0.243284992,-0.133355587,0.606495964,0.001648291,-0.001423486,0.000263915,ds_hold,0.067808127,-0.003313145,-0.004059944,-0.000353545,0.000000011,0.000094941,b,2,3,3,2
18.010000,DS,0,0,0.035100722,0.243236226,-0.133492666,0.606625621,0.001641358,-0.001407775,0.000244729,ds_hold,0.067685595,-0.003317596,-0.004058386,-0.000352695,0.000000011,0.000094971,b,2,3,3,2
18.110000,DS,0,0,0.034786321,0.243187890,-0.133629145,0.606755098,0.001634562,-0.001391867,0.000225106,ds_hold,0.067564187,-0.003322016,-0.004056842,-0.000351858,0.000000011,0.000095032,b,2,3,3,2
18.210000,DS,0,0,0.034474762,0.243139937,-0.133765046,0.606884342,0.001627913,-0.001375772,0.000205057,ds_hold,0.067443874,-0.003326405,-0.004055312,-0.000351035,0.000000011,0.000095124,b,2,3,3,2
18.310000,DS,0,0,0.034166019,0.243092329,-0.133900385,0.607013301,0.001621417,-0.001359500,0.000184594,ds_hold,0.067324632,-0.003330764,-0.004053795,-0.000350223,0.000000011,0.000095245,b,2,3,3,2
18.410000,DS,0,0,0.033860064,0.243045033,-0.134035176,0.607141921,0.001615071,-0.001343058,0.000163729,ds_hold,0.067206438,-0.003335093,-0.004052291,-0.000349425,0.000000011,0.000095394,b,2,3,3,2
18.510000,DS,0,0,0.033556872,0.242998021,-0.134169427,0.607270151,0.001608866,-0.001326453,0.000142477,ds_hold,0.067089271,-0.003339394,-0.004050799,-0.000348638,0.000000012,0.000095572,b,2,3,3,2
18.610000,DS,0,0,0.033256416,0.242951269,-0.134303147,0.607397939,0.001602792,-0.001309689,0.000120854,ds_hold,0.066973114,-0.003343667,-0.004049319,-0.000347862,0.000000012,0.000095776,b,2,3,3,2
18.710000,DS,0,0,0.032958671,0.242904751,-0.134436338,0.607525231,0.001596834,-0.001292773,0.000098878,ds_hold,0.066857950,-0.003347912,-0.004047850,-0.000347099,0.000000012,0.000096006,b,2,3,3,2
18.810000,DS,0,0,0.032663612,0.242858448,-0.134569004,0.607651976,0.001590975,-0.001275709,0.000076565,ds_hold,0.066743765,-0.003352131,-0.004046394,-0.000346346,0.000000012,0.000096260,b,2,3,3,2
18.910000,DS,0,0,0.032371214,0.242812337,-0.134701145,0.607778119,0.001585198,-0.001258503,0.000053934,ds_hold,0.066630546,-0.003356322,-0.004044948,-0.000345604,0.000000012,0.000096537,b,2,3,3,2
19.010000,DS,0,0,0.032081452,0.242766398,-0.134832761,0.607903605,0.001579486,-0.001241161,0.000031005,ds_hold,0.066518285,-0.003360487,-0.004043513,-0.000344873,0.000000012,0.000096835,b,2,3,3,2
19.110000,DS,0,0,0.031794302,0.242720610,-0.134963850,0.608028379,0.001573824,-0.001223690,0.000007797,ds_hold,0.066406971,-0.003364626,-0.004042089,-0.000344153,0.000000012,0.000097154,b,2,3,3,2
19.210000,DS,0,0,0.031509739,0.242674953,-0.135094408,0.608152385,0.001568194,-0.001206095,-0.000015671,ds_hold,0.066296600,-0.003368738,-0.004040675,-0.000343443,0.000000012,0.000097491,b,2,3,3,2
19.310000,DS,0,0,0.031227740,0.242629408,-0.135224432,0.608275566,0.001562582,-0.001188386,-0.000039378,ds_hold,0.066187166,-0.003372825,-0.004039272,-0.000342743,0.000000012,0.000097847,b,2,3,3,2
19.410000,DS,0,0,0.030948282,0.242583956,-0.135353916,0.608397865,0.001556974,-0.001170570,-0.000063304,ds_hold,0.066078666,-0.003376886,-0.004037878,-0.000342053,0.000000012,0.000098218,b,2,3,3,2
19.510000,DS,0,0,0.030671340,0.242538579,-0.135482851,0.608519224,0.001551356,-0.001152655,-0.000087429,ds_hold,0.065971098,-0.003380921,-0.004036495,-0.000341374,0.000000012,0.000098604,b,2,3,3,2
19.610000,DS,0,0,0.030396894,0.242493259,-0.135611230,0.608639586,0.001545714,-0.001134650,-0.000111731,ds_hold,0.065864464,-0.003384930,-0.004035122,-0.000340704,0.000000012,0.000099004,b,2,3,3,2
19.710000,DS,0,0,0.030124918,0.242447980,-0.135739043,0.608758892,0.001540038,-0.001116566,-0.000136189,ds_hold,0.065758763,-0.003388913,-0.004033759,-0.000340044,0.000000012,0.000099415,b,2,3,3,2
19.810000,DS,0,0,0.029855392,0.242402726,-0.135866277,0.608877084,0.001534310,-0.001098404,-0.000160779,ds_hold,0.065653999,-0.003392870,-0.004032406,-0.000339394,0.000000012,0.000099835,b,2,3,3,2
19.910000,DS,0,0,0.029588294,0.242357485,-0.135992921,0.608994122,0.001528543,-0.001080206,-0.000185493,ds_hold,0.065550177,-0.003396801,-0.004031063,-0.000338753,0.000000012,0.000100269,b,2,3,3,2
20.010000,DS,0,0,0.029323600,0.242312237,-0.136118967,0.609109910,0.001522701,-0.001061934,-0.000210301,ds_hold,0.065447303,-0.003400705,-0.004029729,-0.000338122,0.000000012,0.000100710,b,2,3,3,2
20.110000,DS,0,0,0.029061290,0.242266978,-0.136244386,0.609224413,0.001516782,-0.001043627,-0.000235180,ds_hold,0.065345382,-0.003404581,-0.004028406,-0.000337501,0.000000012,0.000101156,b,2,3,3,2
20.210000,DS,0,0,0.028801343,0.242221692,-0.136369169,0.609337566,0.001510784,-0.001025297,-0.000260113,ds_hold,0.065244425,-0.003408431,-0.004027092,-0.000336889,0.000000012,0.000101607,b,2,3,3,2
20.310000,DS,0,0,0.028543737,0.242176369,-0.136493297,0.609449311,0.001504701,-0.001006952,-0.000285082,ds_hold,0.065144438,-0.003412252,-0.004025788,-0.000336287,0.000000012,0.000102062,b,2,3,3,2
20.410000,DS,0,0,0.028288452,0.242130998,-0.136616754,0.609559593,0.001498530,-0.000988602,-0.000310072,ds_hold,0.065045434,-0.003416046,-0.004024494,-0.000335695,0.000000012,0.000102519,b,2,3,3,2
20.510000,DS,0,0,0.028035466,0.242085571,-0.136739517,0.609668353,0.001492273,-0.000970258,-0.000335072,ds_hold,0.064947424,-0.003419811,-0.004023211,-0.000335112,0.000000012,0.000102976,b,2,3,3,2
20.610000,DS,0,0,0.027784760,0.242040080,-0.136861566,0.609775534,0.001485932,-0.000951933,-0.000360072,ds_hold,0.064850418,-0.003423546,-0.004021937,-0.000334539,0.000000012,0.000103432,b,2,3,3,2
20.710000,DS,0,0,0.027536314,0.241994519,-0.136982878,0.609881079,0.001479513,-0.000933636,-0.000385067,ds_hold,0.064754432,-0.003427252,-0.004020674,-0.000333975,0.000000012,0.000103886,b,2,3,3,2
20.810000,DS,0,0,0.027290107,0.241948882,-0.137103431,0.609984929,0.001473027,-0.000915376,-0.000410060,ds_hold,0.064659478,-0.003430927,-0.004019421,-0.000333422,0.000000012,0.000104336,b,2,3,3,2
20.910000,DS,0,0,0.027046121,0.241903166,-0.137223198,0.610087030,0.001466488,-0.000897161,-0.000435059,ds_hold,0.064565572,-0.003434571,-0.004018179,-0.000332878,0.000000012,0.000104781,b,2,3,3,2
21.010000,DS,0,0,0.026804335,0.241857371,-0.137342154,0.610187324,0.001459915,-0.000878996,-0.000460081,ds_hold,0.064472728,-0.003438183,-0.004016947,-0.000332344,0.000000012,0.000105220,b,2,3,3,2
21.110000,DS,0,0,0.026564730,0.241811495,-0.137460270,0.610285757,0.001453332,-0.000860884,-0.000485154,ds_hold,0.064380962,-0.003441763,-0.004015726,-0.000331820,0.000000012,0.000105651,b,2,3,3,2
21.210000,DS,0,0,0.026327288,0.241765544,-0.137577517,0.610382273,0.001446769,-0.000842825,-0.000510318,ds_hold,0.064290291,-0.003445310,-0.004014516,-0.000331307,0.000000012,0.000106074,b,2,3,3,2
21.310000,DS,0,0,0.026091990,0.241719521,-0.137693863,0.610476816,0.001440262,-0.000824815,-0.000535625,ds_hold,0.064200732,-0.003448823,-0.004013318,-0.000330803,0.000000012,0.000106488,b,2,3,3,2
21.410000,DS,0,0,0.025858817,0.241673438,-0.137809273,0.610569332,0.001433851,-0.000806843,-0.000561143,ds_hold,0.064112301,-0.003452302,-0.004012130,-0.000330309,0.000000012,0.000106892,b,2,3,3,2
21.510000,DS,0,0,0.025627752,0.241627307,-0.137923712,0.610659763,0.001427583,-0.000788894,-0.000586958,ds_hold,0.064025016,-0.003455745,-0.004010954,-0.000329826,0.000000012,0.000107286,b,2,3,3,2
21.610000,DS,0,0,0.025398775,0.241581147,-0.138037138,0.610748052,0.001421511,-0.000770947,-0.000613171,ds_hold,0.063938895,-0.003459151,-0.004009790,-0.000329353,0.000000012,0.000107670,b,2,3,3,2
21.710000,DS,0,0,0.025171869,0.241534980,-0.138149509,0.610834142,0.001415691,-0.000752974,-0.000639902,ds_hold,0.063853954,-0.003462521,-0.004008637,-0.000328890,0.000000012,0.000108044,b,2,3,3,2
21.810000,DS,0,0,0.024947017,0.241488835,-0.138260777,0.610917970,0.001410182,-0.000734937,-0.000667288,ds_hold,0.063770213,-0.003465853,-0.004007496,-0.000328438,0.000000012,0.000108409,b,2,3,3,2
21.910000,DS,0,0,0.024724200,0.241442746,-0.138370888,0.610999472,0.001405045,-0.000716792,-0.000695484,ds_hold,0.063687689,-0.003469146,-0.004006368,-0.000327996,0.000000012,0.000108765,b,2,3,3,2
22.010000,DS,0,0,0.024503402,0.241396753,-0.138479787,0.611078578,0.001400139,-0.000698614,-0.000724373,ds_hold,0.063606403,-0.003472399,-0.004005251,-0.000327565,0.000000012,0.000109077,b,2,3,3,2
22.110000,DS,0,0,0.024284606,0.241350524,-0.138587601,0.611155180,0.001394766,-0.000680974,-0.000752966,ds_hold,0.063526402,-0.003475611,-0.004004150,-0.000327146,0.000000012,0.000109175,b,2,3,3,2
22.210000,DS,0,0,0.024067795,0.241302134,-0.138695275,0.611229008,0.001389878,-0.000663654,-0.000782165,ds_hold,0.063447781,-0.003478779,-0.004003064,-0.000326740,0.000000012,0.000109188,b,2,3,3,2
22.310000,DS,0,0,0.023852954,0.241251456,-0.138802787,0.611299574,0.001386774,-0.000646790,-0.000812909,ds_hold,0.063370622,-0.003481901,-0.004001994,-0.000326351,0.000000012,0.000109189,b,2,3,3,2
22.410000,DS,0,0,0.023640067,0.241198661,-0.138910012,0.611366450,0.001386157,-0.000630207,-0.000845958,ds_hold,0.063294993,-0.003484974,-0.004000943,-0.000325979,0.000000012,0.000109162,b,2,3,3,2
22.510000,DS,0,0,0.023429120,0.241144044,-0.139016750,0.611429598,0.001388713,-0.000613876,-0.000882165,ds_hold,0.063220951,-0.003487999,-0.003999909,-0.000325625,0.000000012,0.000109119,b,2,3,3,2
22.610000,DS,0,0,0.023220096,0.241087918,-0.139122840,0.611488928,0.001394894,-0.000597581,-0.000922311,ds_hold,0.063148544,-0.003490971,-0.003998894,-0.000325290,0.000000012,0.000109065,b,2,3,3,2
22.710000,DS,0,0,0.023012982,0.241030629,-0.139228080,0.611544444,0.001405088,-0.000581093,-0.000967151,ds_hold,0.063077812,-0.003493891,-0.003997897,-0.000324975,0.000000012,0.000109002,b,2,3,3,2
22.810000,DS,0,0,0.022807762,0.240972509,-0.139332271,0.611596162,0.001419713,-0.000564214,-0.001017408,ds_hold,0.063008788,-0.003496756,-0.003996920,-0.000324680,0.000000012,0.000108933,b,2,3,3,2
22.910000,DS,0,0,0.022604421,0.240913866,-0.139435225,0.611644094,0.001439240,-0.000546797,-0.001073724,ds_hold,0.062941498,-0.003499565,-0.003995961,-0.000324406,0.000000012,0.000108863,b,2,3,3,2
23.010000,DS,0,0,0.022402945,0.240854989,-0.139536761,0.611688258,0.001464202,-0.000528766,-0.001136600,ds_hold,0.062875962,-0.003502317,-0.003995022,-0.000324152,0.000000012,0.000108793,b,2,3,3,2
23.110000,DS,0,0,0.022203320,0.240796151,-0.139636704,0.611728679,0.001495192,-0.000510149,-0.001206316,ds_hold,0.062812194,-0.003505011,-0.003994102,-0.000323918,0.000000012,0.000108730,b,2,3,3,2
23.210000,DS,0,0,0.022005529,0.240737617,-0.139734884,0.611765395,0.001532846,-0.000491111,-0.001282838,ds_hold,0.062750202,-0.003507645,-0.003993201,-0.000323705,0.000000012,0.000108674,b,2,3,3,2
