t_s,e_ee_pos_mm,tau_q_max_Nm
0.000000,0.000002,0.049852
0.010000,0.000135,0.046586
0.020000,0.000511,0.042952
0.030000,0.001091,0.039002
0.040000,0.001846,0.037591
0.050000,0.002748,0.040636
0.060000,0.003775,0.043679
0.070000,0.004906,0.046713
0.080000,0.006123,0.049734
0.090000,0.007412,0.052741
0.100000,0.008759,0.052861
0.110000,0.010203,0.055467
0.120000,0.011784,0.058056
0.130000,0.013488,0.060654
0.140000,0.015308,0.063902
0.150000,0.017236,0.069674
0.160000,0.019267,0.075494
0.170000,0.021398,0.081352
0.180000,0.023627,0.087236
0.190000,0.025956,0.093136
0.200000,0.028386,0.101357
0.210000,0.030952,0.106966
0.220000,0.033695,0.112577
0.230000,0.036619,0.118194
0.240000,0.039734,0.123817
0.250000,0.043046,0.129443
0.260000,0.046567,0.135066
0.270000,0.050306,0.140679
0.280000,0.054273,0.146276
0.290000,0.058480,0.151853
0.300000,0.062936,0.159750
0.310000,0.067659,0.165166
0.320000,0.072669,0.170554
0.330000,0.077983,0.175914
0.340000,0.083618,0.181247
0.350000,0.089592,0.186549
0.360000,0.095919,0.191817
0.370000,0.102614,0.197048
0.380000,0.109693,0.202238
0.390000,0.117167,0.207385
0.400000,0.125048,0.214919
0.410000,0.133324,0.220058
0.420000,0.141985,0.225149
0.430000,0.151057,0.230187
0.440000,0.160561,0.235171
0.450000,0.170517,0.240097
0.460000,0.180944,0.244965
0.470000,0.191858,0.249771
0.480000,0.203276,0.254517
0.490000,0.215210,0.259200
0.500000,0.227675,0.266706
0.510000,0.240637,0.271434
0.520000,0.254073,0.276102
0.530000,0.268013,0.280703
0.540000,0.282484,0.285233
0.550000,0.297509,0.289692
0.560000,0.313110,0.294078
0.570000,0.329306,0.298391
0.580000,0.346116,0.302630
0.590000,0.363556,0.306797
0.600000,0.381641,0.315950
0.610000,0.400365,0.319796
0.620000,0.419734,0.323589
0.630000,0.439789,0.327335
0.640000,0.460564,0.331038
0.650000,0.482093,0.334696
0.660000,0.504406,0.338305
0.670000,0.527528,0.341860
0.680000,0.551484,0.345356
0.690000,0.576295,0.348789
0.700000,0.601983,0.356713
0.710000,0.628496,0.360248
0.720000,0.655799,0.363706
0.730000,0.683940,0.367081
0.740000,0.712959,0.371376
0.750000,0.742897,0.376819
0.760000,0.773788,0.381998
0.770000,0.805665,0.386923
0.780000,0.838558,0.391604
0.790000,0.872495,0.396051
0.800000,0.907503,0.392392
0.810000,0.943493,0.395683
0.820000,0.980395,0.401566
0.830000,1.018261,0.408087
0.840000,1.057140,0.414215
0.850000,1.097075,0.419967
0.860000,1.138109,0.425361
0.870000,1.180279,0.430419
0.880000,1.223620,0.435162
0.890000,1.268167,0.439607
0.900000,1.313951,0.423574
0.910000,1.360853,0.430820
0.920000,1.408771,0.438426
0.930000,1.457762,0.445524
0.940000,1.507875,0.452120
0.950000,1.559159,0.458237
0.960000,1.611657,0.463905
0.970000,1.665412,0.469156
0.980000,1.720462,0.474021
0.990000,1.776845,0.478528
1.000000,1.834596,0.457540
1.010000,1.893585,0.466178
1.020000,1.953695,0.474251
1.030000,2.014986,0.481732
1.040000,2.077512,0.488633
1.050000,2.141324,0.494984
1.060000,2.206470,0.500822
1.070000,2.272996,0.506186
1.080000,2.340945,0.511112
1.090000,2.410357,0.515635
1.100000,2.481274,0.494916
1.110000,2.553566,0.503838
1.120000,2.627121,0.512129
1.130000,2.702006,0.519774
1.140000,2.778282,0.526791
1.150000,2.856007,0.533213
1.160000,2.935235,0.539083
1.170000,3.016017,0.544439
1.180000,3.098404,0.549320
1.190000,3.182443,0.553758
1.200000,3.268180,0.522115
1.210000,3.355454,0.531998
1.220000,3.444119,0.541118
1.230000,3.534243,0.549443
1.240000,3.625888,0.556998
1.250000,3.719114,0.563828
1.260000,3.813980,0.569994
1.270000,3.910543,0.575554
1.280000,4.008858,0.580561
1.290000,4.108978,0.585064
1.300000,4.210956,0.543400
1.310000,4.314605,0.554271
1.320000,4.419750,0.564248
1.330000,4.526460,0.573296
1.340000,4.634796,0.581443
1.350000,4.744820,0.588752
1.360000,4.856592,0.595298
1.370000,4.970173,0.601155
1.380000,5.085620,0.606393
1.390000,5.202993,0.611071
1.400000,5.322346,0.560506
1.410000,5.443476,0.572319
1.420000,5.566185,0.583111
1.430000,5.690537,0.592840
1.440000,5.816593,0.601545
1.450000,5.944412,0.609304
1.460000,6.074056,0.616210
1.470000,6.205585,0.622355
1.480000,6.339063,0.627822
1.490000,6.474547,0.632682
1.500000,6.612099,0.575833
1.510000,6.751507,0.588369
1.520000,6.892562,0.599781
1.530000,7.035324,0.610028
1.540000,7.179852,0.619156
1.550000,7.326206,0.627259
1.560000,7.474445,0.634442
1.570000,7.624633,0.640810
1.580000,7.776833,0.646458
1.590000,7.931107,0.651466
1.600000,8.087518,0.589195
1.610000,8.245852,0.602341
1.620000,8.405895,0.614265
1.630000,8.567703,0.624926
1.640000,8.731332,0.634384
1.650000,8.896839,0.642745
1.660000,9.064286,0.650129
1.670000,9.233735,0.656654
1.680000,9.405253,0.662425
1.690000,9.578903,0.667528
1.700000,9.754751,0.597754
1.710000,9.932580,0.611570
1.720000,10.112167,0.624045
1.730000,10.293559,0.635141
1.740000,10.476806,0.644932
1.750000,10.661961,0.653542
1.760000,10.849085,0.661112
1.770000,11.038241,0.667776
1.780000,11.229494,0.673654
1.790000,11.422911,0.678844
1.800000,11.618559,0.602641
1.810000,11.816223,0.616993
1.820000,12.015676,0.629899
1.830000,12.216956,0.641325
1.840000,12.420105,0.651359
1.850000,12.625171,0.660143
1.860000,12.832212,0.667837
1.870000,13.041289,0.674592
1.880000,13.252467,0.680540
1.890000,13.465814,0.685789
1.900000,13.681394,0.604209
1.910000,13.899005,0.618944
1.920000,14.118421,0.632138
1.930000,14.339668,0.643763
1.940000,14.562779,0.653924
1.950000,14.787795,0.662781
1.960000,15.014770,0.670513
1.970000,15.243762,0.679057
1.980000,15.474834,0.699877
1.990000,15.708053,0.720277
2.000000,15.943485,0.603650
2.010000,16.180942,0.618540
2.020000,16.420210,0.631819
2.030000,16.661301,0.643470
2.040000,16.904239,0.653611
2.050000,17.149061,0.667852
2.060000,17.395813,0.691658
2.070000,17.644551,0.714894
2.080000,17.895337,0.737657
2.090000,18.148236,0.760016
2.100000,18.403312,0.599979
2.110000,18.660398,0.614929
2.120000,18.919295,0.628194
2.130000,19.179999,0.648136
2.140000,19.442525,0.675568
2.150000,19.706899,0.702114
2.160000,19.973165,0.727937
2.170000,20.241375,0.753181
2.180000,20.511586,0.777960
2.190000,20.783863,0.802352
2.200000,21.058269,0.592216
2.210000,21.334661,0.615253
2.220000,21.612853,0.647157
2.230000,21.892827,0.677767
2.240000,22.174583,0.707242
2.250000,22.458138,0.735776
2.260000,22.743530,0.763557
2.270000,23.030803,0.790752
2.280000,23.320015,0.817492
2.290000,23.611225,0.843870
2.300000,23.904495,0.605265
2.310000,24.199711,0.640840
2.320000,24.496706,0.674908
2.330000,24.795443,0.707577
2.340000,25.095908,0.739034
2.350000,25.398108,0.769499
2.360000,25.702070,0.799187
2.370000,26.007836,0.828286
2.380000,26.315456,0.856946
2.390000,26.624987,0.885271
2.400000,26.936487,0.629677
2.410000,27.249877,0.667469
2.420000,27.565014,0.703625
2.430000,27.881839,0.738278
2.440000,28.200322,0.771645
2.450000,28.520458,0.803972
2.460000,28.842266,0.835500
2.470000,29.165780,0.866441
2.480000,29.491046,0.896962
2.490000,29.818115,0.927179
2.500000,30.147042,0.661236
2.510000,30.477786,0.701290
2.520000,30.810232,0.739604
2.530000,31.144303,0.776335
2.540000,31.479953,0.811725
2.550000,31.817166,0.846043
2.560000,32.155950,0.879551
2.570000,32.496335,0.912478
2.580000,32.838359,0.945006
2.590000,33.182070,0.977257
2.600000,33.527518,0.697066
2.610000,33.874703,0.739428
2.620000,34.223541,0.779910
2.630000,34.573932,0.818702
2.640000,34.925811,0.856076
2.650000,35.279150,0.892333
2.660000,35.633949,0.927760
2.670000,35.990228,0.962608
2.680000,36.348022,0.997075
2.690000,36.707373,1.031295
2.700000,37.068326,0.735368
2.710000,37.430926,0.779897
2.720000,37.795119,0.822399
2.730000,38.160780,0.863100
2.740000,38.527827,0.902308
2.750000,38.896216,0.940353
2.760000,39.265937,0.977549
2.770000,39.637001,1.014169
2.780000,40.009437,1.050425
2.790000,40.383282,1.086465
2.800000,40.758577,0.776211
2.810000,41.135411,0.822706
2.820000,41.513767,0.867030
2.830000,41.893493,0.909454
2.840000,42.274486,0.950320
2.850000,42.656688,0.989985
2.860000,43.040077,1.028786
2.870000,43.424655,1.067014
2.880000,43.810444,1.104896
2.890000,44.197475,1.142589
2.900000,44.585784,0.819517
2.910000,44.975511,0.867744
2.920000,45.366674,0.913664
2.930000,45.759095,0.957595
2.940000,46.152650,0.999914
2.950000,46.547265,1.041004
2.960000,46.942905,1.081220
2.970000,47.339565,1.120866
2.980000,47.737256,1.160181
2.990000,48.136005,1.199324
3.000000,48.535842,0.871407
3.010000,48.936955,0.921252
3.020000,49.339405,0.968701
3.030000,49.742985,1.014121
3.040000,50.147556,1.057916
3.050000,50.553027,1.100483
3.060000,50.959353,1.142182
3.070000,51.366519,1.183317
3.080000,51.774530,1.224124
3.090000,52.183405,1.264758
3.100000,52.593170,0.925822
3.110000,53.004070,0.977140
3.120000,53.416204,1.025929
3.130000,53.829339,1.072625
3.140000,54.243314,1.117671
3.150000,54.658024,1.161477
3.160000,55.073409,1.204406
3.170000,55.489446,1.246759
3.180000,55.906133,1.288767
3.190000,56.323483,1.330578
3.200000,56.741519,0.981192
3.210000,57.160541,1.033569
3.220000,57.580693,1.083312
3.230000,58.001717,1.130922
3.240000,58.423426,1.176872
3.250000,58.845701,1.221586
3.260000,59.268470,1.265423
3.270000,59.691698,1.308673
3.280000,60.115376,1.351557
3.290000,60.539512,1.394229
3.300000,60.964122,1.036659
3.310000,61.389569,1.089801
3.320000,61.816038,1.140201
3.330000,62.243241,1.188388
3.340000,62.670972,1.234862
3.350000,63.099093,1.280067
3.360000,63.527520,1.324383
3.370000,63.956211,1.368114
3.380000,64.385148,1.411492
3.390000,64.814335,1.454681
3.400000,65.243785,1.091476
3.410000,65.673919,1.144933
3.420000,66.104968,1.195538
3.430000,66.536614,1.243855
3.440000,66.968629,1.290409
3.450000,67.400861,1.335667
3.460000,67.833215,1.380026
3.470000,68.265638,1.423805
3.480000,68.698110,1.467249
3.490000,69.130629,1.510530
3.500000,69.563204,1.146541
3.510000,69.996309,1.199855
3.520000,70.430215,1.250263
3.530000,70.864579,1.298351
3.540000,71.299153,1.344661
3.550000,71.733771,1.389674
3.560000,72.168327,1.433796
3.570000,72.602763,1.477354
3.580000,73.037051,1.520600
3.590000,73.471185,1.563712
3.600000,73.905173,1.198215
3.610000,74.339550,1.250936
3.620000,74.774637,1.300682
3.630000,75.210063,1.348064
3.640000,75.645562,1.393644
3.650000,76.080951,1.437914
3.660000,76.516115,1.481294
3.670000,76.950987,1.524119
3.680000,77.385534,1.566650
3.690000,77.819748,1.609072
3.700000,78.253632,1.245494
3.710000,78.687786,1.296943
3.720000,79.122581,1.345391
3.730000,79.557621,1.391466
3.740000,79.992622,1.435739
3.750000,80.427387,1.478712
3.760000,80.861792,1.520807
3.770000,81.295762,1.562368
3.780000,81.729261,1.603655
3.790000,82.162273,1.644861
3.800000,82.594802,1.286798
3.810000,83.027510,1.336277
3.820000,83.460818,1.382772
3.830000,83.894309,1.426921
3.840000,84.327683,1.469295
3.850000,84.760730,1.510396
3.860000,85.193315,1.550646
3.870000,85.625356,1.590386
3.880000,86.056811,1.629881
3.890000,86.487661,1.669323
3.900000,86.917903,1.319968
3.910000,87.348263,1.366742
3.920000,87.779211,1.410594
3.930000,88.210313,1.452165
3.940000,88.641249,1.492021
3.950000,89.071801,1.530652
3.960000,89.501821,1.568474
3.970000,89.931221,1.605824
3.980000,90.359950,1.642961
3.990000,90.787985,1.680080
4.000000,91.215318,1.340427
4.010000,91.642726,1.383718
4.020000,92.070724,1.424202
4.030000,92.498859,1.462510
4.040000,92.926800,1.499193
4.050000,93.354311,1.534728
4.060000,93.781236,1.569514
4.070000,94.207476,1.603879
4.080000,94.632971,1.638080
4.090000,95.057690,1.672307
4.100000,95.481621,1.351065
4.110000,95.905602,1.390082
4.120000,96.330212,1.426473
4.130000,96.754982,1.460849
4.140000,97.179566,1.493734
4.150000,97.603719,1.525579
4.160000,98.027271,1.556761
4.170000,98.450110,1.587591
4.180000,98.872169,1.618315
4.190000,99.293404,1.649118
4.200000,99.713796,1.350705
4.210000,100.134245,1.384709
4.220000,100.555392,1.416325
4.230000,100.976755,1.446131
4.240000,101.397979,1.474617
4.250000,101.818802,1.502197
4.260000,102.239044,1.529222
4.270000,102.658580,1.555979
4.280000,103.077327,1.582701
4.290000,103.495233,1.609562
4.300000,103.912263,1.338232
4.310000,104.329382,1.366510
4.320000,104.747292,1.392694
4.330000,105.165502,1.417322
4.340000,105.583644,1.440835
4.350000,106.001447,1.463608
4.360000,106.418711,1.485956
4.370000,106.835298,1.508140
4.380000,107.251110,1.530374
4.390000,107.666077,1.552824
4.400000,108.080153,1.310548
4.410000,108.494359,1.332425
4.420000,108.909456,1.352549
4.430000,109.324946,1.371405
4.440000,109.740448,1.389384
4.450000,110.155674,1.406815
4.460000,110.570410,1.423973
4.470000,110.984497,1.441093
4.480000,111.397818,1.458366
4.490000,111.810286,1.475947
4.500000,112.221836,1.264184
4.510000,112.633543,1.278987
4.520000,113.046227,1.292418
4.530000,113.459381,1.304908
4.540000,113.872608,1.316791
4.550000,114.285603,1.328345
4.560000,114.698130,1.339807
4.570000,115.110010,1.351379
4.580000,115.521102,1.363232
4.590000,115.931297,1.375507
4.600000,116.340509,1.204298
4.610000,116.749873,1.211451
4.620000,117.160281,1.217692
4.630000,117.571217,1.223383
4.640000,117.982272,1.228793
4.650000,118.393121,1.234141
4.660000,118.803506,1.239615
4.670000,119.213224,1.245382
4.680000,119.622107,1.251583
4.690000,120.030023,1.258340
4.700000,120.436857,1.130689
4.710000,120.843808,1.129888
4.720000,121.251836,1.128667
4.730000,121.660417,1.127310
4.740000,122.069127,1.126017
4.750000,122.477621,1.124947
4.760000,122.885617,1.124240
4.770000,123.292884,1.124024
4.780000,123.699229,1.124411
4.790000,124.104489,1.125504
4.800000,124.508526,1.043668
4.810000,124.912595,1.034719
4.820000,125.317727,1.025862
4.830000,125.723390,1.017302
4.840000,126.129144,1.009167
4.850000,126.534621,1.001559
4.860000,126.939516,0.994567
4.870000,127.343569,0.988281
4.880000,127.746559,0.982786
4.890000,128.148295,0.978161
4.900000,128.548609,0.940534
4.910000,128.948814,0.923335
4.920000,129.350007,0.906735
4.930000,129.751644,0.890844
4.940000,130.153267,0.875695
4.950000,130.554487,0.861306
4.960000,130.954973,0.847708
4.970000,131.354441,0.834966
4.980000,131.752643,0.823178
4.990000,132.149365,0.812463
5.000000,132.544414,0.820461
5.010000,132.939165,0.794871
5.020000,133.334782,0.770470
5.030000,133.730704,0.747210
5.040000,134.126450,0.725034
5.050000,134.521603,0.703910
5.060000,134.915805,0.683851
5.070000,135.308738,0.664915
5.080000,135.700125,0.647194
5.090000,136.089719,0.664860
5.100000,136.477296,0.690429
5.110000,136.864290,0.656868
5.120000,137.251930,0.625060
5.130000,137.639637,0.594837
5.140000,138.026905,0.566058
5.150000,138.413295,0.538631
5.160000,138.798416,0.512526
5.170000,139.181925,0.487766
5.180000,139.563515,0.512110
5.190000,139.942912,0.550042
5.200000,140.319864,0.552601
5.210000,140.695866,0.511264
5.220000,141.072213,0.472176
5.230000,141.448314,0.435101
5.240000,141.823650,0.399860
5.250000,142.197758,0.366329
5.260000,142.570230,0.334442
5.270000,142.940696,0.360943
5.280000,143.308824,0.396877
5.290000,143.674314,0.433796
5.300000,144.036893,0.407924
5.310000,144.398108,0.359373
5.320000,144.759318,0.313498
5.330000,145.119919,0.294137
5.340000,145.479377,0.299961
5.350000,145.837215,0.305533
5.360000,146.193003,0.310853
5.370000,146.546351,0.315925
5.380000,146.896903,0.368073
5.390000,147.244335,0.436411
5.400000,147.588348,0.275937
5.410000,147.930539,0.266985
5.420000,148.272316,0.274028
5.430000,148.613064,0.280872
5.440000,148.952236,0.287504
5.450000,149.289341,0.293917
5.460000,149.623931,0.342669
5.470000,149.955598,0.416972
5.480000,150.283970,0.490259
5.490000,150.608703,0.562730
5.500000,150.929484,0.245110
5.510000,151.247958,0.253016
5.520000,151.565590,0.260739
5.530000,151.881761,0.274738
5.540000,152.195919,0.340862
5.550000,152.507562,0.404409
5.560000,152.816235,0.465494
5.570000,153.121517,0.541670
5.580000,153.423026,0.619275
5.590000,153.720412,0.696262
5.600000,154.013360,0.280098
5.610000,154.303574,0.280063
5.620000,154.592587,0.357048
5.630000,154.879781,0.431029
5.640000,155.164596,0.502231
5.650000,155.446517,0.570786
5.660000,155.725070,0.636778
5.670000,155.999819,0.700266
5.680000,156.270365,0.761296
5.690000,156.536342,0.835100
5.700000,156.797417,0.385552
5.710000,157.055337,0.430567
5.720000,157.311676,0.512426
5.730000,157.565796,0.591148
5.740000,157.817114,0.666928
5.750000,158.065093,0.739885
5.760000,158.309239,0.810099
5.770000,158.549099,0.877629
5.780000,158.784258,0.942524
5.790000,159.014336,1.004831
5.800000,159.238988,0.493314
5.810000,159.459987,0.582494
5.820000,159.678935,0.668089
5.830000,159.895194,0.750428
5.840000,160.108179,0.829706
5.850000,160.317355,0.906046
5.860000,160.522230,0.979532
5.870000,160.722354,1.050225
5.880000,160.917313,1.118173
5.890000,161.106731,1.183421
5.900000,161.290262,0.651138
5.910000,161.469701,0.744062
5.920000,161.646670,0.833323
5.930000,161.820522,0.919230
5.940000,161.990672,1.001969
5.950000,162.156583,1.081658
5.960000,162.317761,1.158376
5.970000,162.473756,1.232179
5.980000,162.624151,1.303110
5.990000,162.768568,1.371205
6.000000,162.906657,0.809334
6.010000,163.040232,0.905411
6.020000,163.170934,0.997735
6.030000,163.298116,1.086615
6.040000,163.421193,1.172230
6.050000,163.539629,1.254684
6.060000,163.652936,1.334046
6.070000,163.760661,1.410370
6.080000,163.862393,1.483702
6.090000,163.957753,1.554087
6.100000,164.046394,0.960977
6.110000,164.130147,1.059361
6.120000,164.210669,1.153885
6.130000,164.287320,1.244865
6.140000,164.359521,1.332482
6.150000,164.426742,1.416843
6.160000,164.488501,1.498018
6.170000,164.544354,1.576061
6.180000,164.593895,1.651020
6.190000,164.636752,1.722941
6.200000,164.672585,1.104012
6.210000,164.703235,1.203822
6.220000,164.730368,1.299658
6.230000,164.753352,1.391843
6.240000,164.771616,1.480565
6.250000,164.784640,1.565938
6.260000,164.791951,1.648037
6.270000,164.793114,1.726920
6.280000,164.787734,1.802638
6.290000,164.775449,1.875242
6.300000,164.755930,1.236311
6.310000,164.731015,1.336544
6.320000,164.702371,1.432699
6.330000,164.669378,1.525114
6.340000,164.631477,1.613986
6.350000,164.588161,1.699434
6.360000,164.538970,1.781543
6.370000,164.483485,1.860376
6.380000,164.421322,1.935989
6.390000,164.352136,2.008436
6.400000,164.275610,1.373980
6.410000,164.193567,1.474645
6.420000,164.107657,1.571177
6.430000,164.017263,1.663914
6.440000,163.921833,1.753058
6.450000,163.820865,1.838736
6.460000,163.713909,1.921032
6.470000,163.600551,2.000015
6.480000,163.480419,2.075740
6.490000,163.353174,2.148263
6.500000,163.218510,1.504351
6.510000,163.078231,1.600162
6.520000,162.933971,1.696315
6.530000,162.785125,1.788606
6.540000,162.631154,1.877247
6.550000,162.471573,1.962370
6.560000,162.305943,2.044068
6.570000,162.133866,2.122413
6.580000,161.954984,2.197468
6.590000,161.768973,2.269291
6.600000,161.575538,1.628995
6.610000,161.376464,1.712252
6.620000,161.173362,1.802707
6.630000,160.965649,1.893515
6.640000,160.752806,1.980632
6.650000,160.534366,2.064203
6.660000,160.309911,2.144331
6.670000,160.079063,2.221095
6.680000,159.841482,2.294565
6.690000,159.596863,2.364804
6.700000,159.344930,1.734462
6.710000,159.087436,1.815331
6.720000,158.825963,1.891343
6.730000,158.559952,1.976552
6.740000,158.288908,2.061199
6.750000,158.012390,2.142305
6.760000,157.730001,2.219981
6.770000,157.441387,2.294314
6.780000,157.146231,2.365380
6.790000,156.844248,2.433245
6.800000,156.535186,1.819802
6.810000,156.220753,1.897476
6.820000,155.902494,1.970423
6.830000,155.579879,2.039290
6.840000,155.252440,2.117962
6.850000,154.919760,2.195801
6.860000,154.581471,2.270253
6.870000,154.237242,2.341410
6.880000,153.886780,2.409353
6.890000,153.529826,2.474154
6.900000,153.166148,1.914045
6.910000,152.797403,1.989178
6.920000,152.425078,2.059809
6.930000,152.048663,2.126556
6.940000,151.667704,2.189782
6.950000,151.281803,2.252903
6.960000,150.890604,2.324880
6.970000,150.493793,2.393653
6.980000,150.091090,2.459299
6.990000,149.682249,2.521883
7.000000,149.267052,1.985209
7.010000,148.847092,2.057559
7.020000,148.423807,2.125539
7.030000,147.996708,2.189754
7.040000,147.565371,2.250552
7.050000,147.129421,2.308144
7.060000,146.688526,2.362662
7.070000,146.242395,2.419141
7.080000,145.790771,2.481685
7.090000,145.333428,2.541244
7.100000,144.870170,2.032097
7.110000,144.402530,2.100868
7.120000,143.931890,2.165430
7.130000,143.457798,2.226376
7.140000,142.979860,2.284044
7.150000,142.497732,2.338635
7.160000,142.011111,2.390279
7.170000,141.519736,2.439064
7.180000,141.023374,2.485059
7.190000,140.521826,2.530440
7.200000,140.014919,2.053703
7.210000,139.504116,2.118268
7.220000,138.990737,2.178828
7.230000,138.474368,2.235957
7.240000,137.954650,2.289978
7.250000,137.431272,2.341083
7.260000,136.903963,2.389393
7.270000,136.372490,2.434991
7.280000,135.836650,2.477942
